ID,메인분류,서브분류,상품명,가격,행사
a1,간편식사,샌드위치/햄버거,도)간장마늘고기구이,4900,2+1
a2,간편식사,샌드위치/햄버거,햄)마라스테이크버거,3500,2+1
a3,간편식사,샌드위치/햄버거,도)얼큰돈까스김치나베,6900,-30%
a4,간편식사,샌드위치/햄버거,도)모듬어묵탕,6900,2+1
a5,간편식사,샌드위치/햄버거,샌)망곰이의딸기샌드,3600,1+1
a6,간편식사,샌드위치/햄버거,주)3XL중화비빔삼각,1500,NULL
a7,간편식사,샌드위치/햄버거,샐)풀드포크샐러드,5900,-30%
a8,간편식사,샌드위치/햄버거,도)자이언트머스타드치킨,9900,1+1
a9,간편식사,샌드위치/햄버거,샐)눈꽃토마토샐러드,4800,-50%
a10,간편식사,샌드위치/햄버거,햄)그릴드치킨버거,3800,-30%
a11,간편식사,샌드위치/햄버거,샌)스윗스윗맛있구마,3400,-50%
a12,간편식사,샌드위치/햄버거,도)바삭오렌지치킨,6900,-30%
a13,간편식사,샌드위치/햄버거,샐)과카몰리부리또볼,5900,2+1
a14,간편식사,샌드위치/햄버거,샐)스노우볼바질샐러드,4800,-30%
a15,간편식사,샌드위치/햄버거,김)햄말이김치볶음참치,2000,NULL
a16,간편식사,샌드위치/햄버거,샌)로우쏭슬라이더,4200,1+1
a17,간편식사,샌드위치/햄버거,샌)페퍼로니에그토스트,3500,NULL
a18,간편식사,샌드위치/햄버거,면)바삭새우온소바,5600,NULL
a19,간편식사,샌드위치/햄버거,면)김치카츠나베우동,5600,NULL
a20,간편식사,샌드위치/햄버거,김)백종원뉴열탄제육김밥,3000,2+1
a21,간편식사,샌드위치/햄버거,햄)망곰이의꿀호떡버거,3400,-30%
a22,간편식사,샌드위치/햄버거,햄)국민새우버거,3500,-30%
a23,간편식사,샌드위치/햄버거,도)로스트닭가슴살덮밥,4700,NULL
a24,간편식사,샌드위치/햄버거,샐)로스트치킨버섯샐러드,5900,2+1
a25,간편식사,샌드위치/햄버거,김)멸추랑꼬마김밥,4500,2+1
a26,간편식사,샌드위치/햄버거,주)소금구이너비아니밥바,2300,NULL
a27,간편식사,샌드위치/햄버거,김)소금구이너비아니김밥,3000,NULL
a28,간편식사,샌드위치/햄버거,주)2XL간장바싹불고기,1600,2+1
a29,간편식사,샌드위치/햄버거,주)3XL뉴크랩참치마요,1700,1+1
a30,간편식사,샌드위치/햄버거,주)3XL뉴동원고추참치,1700,-30%
a31,간편식사,샌드위치/햄버거,김)백종원뉴비빔밥한줄,3000,1+1
a32,간편식사,샌드위치/햄버거,김)동원뉴고추참치김밥,3100,2+1
a33,간편식사,샌드위치/햄버거,김)고구마치즈돈까스김밥,3300,1+1
a34,간편식사,샌드위치/햄버거,도)치즈닭갈비고구마밥,5000,2+1
a35,간편식사,샌드위치/햄버거,샌)몽블랑크림샌드,3400,NULL
a36,간편식사,샌드위치/햄버거,샐)놀라운파스타샐러드,2300,2+1
a37,간편식사,샌드위치/햄버거,샐)놀라운계란샐러드,2500,-30%
a38,간편식사,샌드위치/햄버거,샐)놀라운치즈견과샐러드,2500,2+1
a39,간편식사,샌드위치/햄버거,샌)달콤맛있구마샌드,2800,2+1
a40,간편식사,샌드위치/햄버거,주)백종원뉴열탄불고기,1300,-70%
a41,간편식사,샌드위치/햄버거,도)백종원뉴바싹불고기,4700,-30%
a42,간편식사,샌드위치/햄버거,주)고추장멸치삼각,1300,NULL
a43,간편식사,샌드위치/햄버거,주)뉴김치제육,1400,-50%
a44,간편식사,샌드위치/햄버거,샐)놀라운치킨텐더샐러드,2500,2+1
a45,간편식사,샌드위치/햄버거,샐)놀라운양배추샐러드,2300,2+1
a46,간편식사,샌드위치/햄버거,도)자이언트달콤치킨,9900,-30%
a47,간편식사,샌드위치/햄버거,김)코난감자카레유부초밥,3800,2+1
a48,간편식사,샌드위치/햄버거,샌)대박나새우,3600,NULL
a49,간편식사,샌드위치/햄버거,햄)코난의혹의매운맛카레,3700,2+1
a50,간편식사,샌드위치/햄버거,주)코난햄감자카레삼각,1200,2+1
a51,간편식사,샌드위치/햄버거,도)코난의혹의매운맛카레,4600,1+1
a52,간편식사,샌드위치/햄버거,면)코난나폴리탄파스타,4900,NULL
a53,간편식사,샌드위치/햄버거,샐)두부계란샐러드,3800,NULL
a54,간편식사,샌드위치/햄버거,도)백종원뉴백반한판,4700,2+1
a55,간편식사,샌드위치/햄버거,샌)에그햄치즈모닝샌드,4000,NULL
a56,간편식사,샌드위치/햄버거,샐)닭가슴살쌀국수샐러드,5700,2+1
a57,간편식사,샌드위치/햄버거,김)백종원마라유부삼겹,3300,NULL
a58,간편식사,샌드위치/햄버거,도)백종원마라마파두부,5000,2+1
a59,간편식사,샌드위치/햄버거,김)백종원뉴우삼겹한줄,3000,-30%
a60,간편식사,샌드위치/햄버거,도)백종원마라탕,6900,-50%
a61,간편식사,샌드위치/햄버거,면)백종원마라볶음면,4900,2+1
a62,간편식사,샌드위치/햄버거,샌)멘치카츠샌드,3600,NULL
a63,간편식사,샌드위치/햄버거,햄)백종원의유린기버거,3900,-70%
a64,간편식사,샌드위치/햄버거,주)백종원뉴우삼겹,1300,NULL
a65,간편식사,샌드위치/햄버거,햄)반디오리지널버거,3800,2+1
a66,간편식사,샌드위치/햄버거,샐)고구마허브치킨샐러드,3800,-30%
a67,간편식사,샌드위치/햄버거,샐)리코타뮤즐리샐러드,3800,NULL
a68,간편식사,샌드위치/햄버거,샌)자이언트아삭참치,3900,2+1
a69,간편식사,샌드위치/햄버거,주)사과샐러드밥바,2400,-50%
a70,간편식사,샌드위치/햄버거,핫)데리야끼치킨우엉도그,3900,-30%
a71,간편식사,샌드위치/햄버거,샌)토마토햄치즈모닝샌드,4000,NULL
a72,간편식사,샌드위치/햄버거,도)자이언트매콤치킨,9900,2+1
a73,간편식사,샌드위치/햄버거,도)떠먹는페퍼로니피자,6900,2+1
a74,간편식사,샌드위치/햄버거,샌)자이언트갈릭치킨,4300,2+1
a75,간편식사,샌드위치/햄버거,면)트러플크림파스타,4500,NULL
a76,간편식사,샌드위치/햄버거,김)사과샐러드김밥,3000,2+1
a77,간편식사,샌드위치/햄버거,샐)트러플크림치즈샐러드,5700,-70%
a78,간편식사,샌드위치/햄버거,샌)바질가득치킨샌드,4900,-70%
a79,간편식사,샌드위치/햄버거,주)채식크럼블고추장,1200,-70%
a80,간편식사,샌드위치/햄버거,샌)자이언트치킨데리야끼,4300,-30%
a81,간편식사,도시락,도)간장마늘고기구이,4900,NULL
a82,간편식사,도시락,도)얼큰돈까스김치나베,6900,-30%
a83,간편식사,도시락,도)모듬어묵탕,6900,1+1
a84,간편식사,도시락,샐)풀드포크샐러드,5900,2+1
a85,간편식사,도시락,도)자이언트머스타드치킨,9900,-30%
a86,간편식사,도시락,샐)눈꽃토마토샐러드,4800,-30%
a87,간편식사,도시락,도)바삭오렌지치킨,6900,NULL
a88,간편식사,도시락,샐)과카몰리부리또볼,5900,NULL
a89,간편식사,도시락,샐)스노우볼바질샐러드,4800,NULL
a90,간편식사,도시락,면)바삭새우온소바,5600,-30%
a91,간편식사,도시락,면)김치카츠나베우동,5600,-50%
a92,간편식사,도시락,도)로스트닭가슴살덮밥,4700,NULL
a93,간편식사,도시락,샐)로스트치킨버섯샐러드,5900,NULL
a94,간편식사,도시락,도)치즈닭갈비고구마밥,5000,NULL
a95,간편식사,도시락,샐)놀라운파스타샐러드,2300,-30%
a96,간편식사,도시락,샐)놀라운계란샐러드,2500,1+1
a97,간편식사,도시락,샐)놀라운치즈견과샐러드,2500,-30%
a98,간편식사,도시락,도)백종원뉴바싹불고기,4700,-50%
a99,간편식사,도시락,샐)놀라운치킨텐더샐러드,2500,-50%
a100,간편식사,도시락,샐)놀라운양배추샐러드,2300,-50%
a101,간편식사,도시락,도)자이언트달콤치킨,9900,NULL
a102,간편식사,도시락,도)코난의혹의매운맛카레,4600,NULL
a103,간편식사,도시락,면)코난나폴리탄파스타,4900,-70%
a104,간편식사,도시락,샐)두부계란샐러드,3800,1+1
a105,간편식사,도시락,도)백종원뉴백반한판,4700,-30%
a106,간편식사,도시락,샐)닭가슴살쌀국수샐러드,5700,1+1
a107,간편식사,도시락,도)백종원마라마파두부,5000,-50%
a108,간편식사,도시락,도)백종원마라탕,6900,2+1
a109,간편식사,도시락,면)백종원마라볶음면,4900,2+1
a110,간편식사,도시락,샐)고구마허브치킨샐러드,3800,-50%
a111,간편식사,도시락,샐)리코타뮤즐리샐러드,3800,NULL
a112,간편식사,도시락,도)자이언트매콤치킨,9900,2+1
a113,간편식사,도시락,도)떠먹는페퍼로니피자,6900,1+1
a114,간편식사,도시락,면)트러플크림파스타,4500,NULL
a115,간편식사,도시락,샐)트러플크림치즈샐러드,5700,NULL
a116,간편식사,도시락,도)채식카츠정식,5000,2+1
a117,간편식사,도시락,면)얼큰뚝배기파스타,4900,2+1
a118,간편식사,도시락,도)채식버섯잡채밥,4300,-30%
a119,간편식사,도시락,도)백종원뉴고기2배정식,5000,2+1
a120,간편식사,도시락,도)고추장가브리살덮밥,4800,2+1
a121,간편식사,도시락,도)한가위돼지구이정식,6900,2+1
a122,간편식사,도시락,샐)탄두리치킨샐러드,6600,1+1
a123,간편식사,도시락,도)백종원뉴매콤불고기,5000,2+1
a124,간편식사,도시락,도)백종원뉴열탄제육정식,4500,-30%
a125,간편식사,도시락,도)나혼자모둠전,5900,-70%
a126,간편식사,도시락,면)육즙가득미트볼파스타,4800,1+1
a127,간편식사,도시락,도)육즙가득미트볼정식,5800,1+1
a128,간편식사,도시락,도)미트볼그라탕,6900,-30%
a129,간편식사,도시락,샐)닭가슴살메밀면샐러드,5400,2+1
a130,간편식사,도시락,도)매콤불고기파스타정식,5500,NULL
a131,간편식사,도시락,도)시그니처소불고기정식,5500,NULL
a132,간편식사,도시락,도)시그니처양념치킨정식,5500,-30%
a133,간편식사,도시락,면)쉬림프카레우동,4900,NULL
a134,간편식사,도시락,면)매콤짜장면,4900,NULL
a135,간편식사,도시락,도)자이언트양푼비빔밥,6900,-70%
a136,간편식사,도시락,샐)자이언트닭구마샐러드,6900,NULL
a137,간편식사,도시락,샐)자이언트파스타샐러드,6500,NULL
a138,간편식사,도시락,면)통소세지로제파스타,4600,2+1
a139,간편식사,도시락,면)베이컨치즈까르보나라,4600,-50%
a140,간편식사,도시락,도)치즈가득등심돈까스,6900,-30%
a141,간편식사,도시락,도)데리야끼꼬치모둠,6900,-70%
a142,간편식사,도시락,도)시그니처중화비빔밥제,4300,NULL
a143,간편식사,도시락,도)백종원부대볶음정식,4900,-30%
a144,간편식사,도시락,샐)탄단지포크플래터볼,5200,-30%
a145,간편식사,도시락,도)시그니처중화비빔밥,4300,-50%
a146,간편식사,도시락,도)시그니처매콤짜장덮밥,4300,-30%
a147,간편식사,도시락,샐)탄단지데리야끼치킨볼,5200,1+1
a148,간편식사,도시락,샐)탄단지치킨나초볼,5200,NULL
a149,간편식사,도시락,도)한돈듬뿍김치제육,4200,NULL
a150,간편식사,도시락,면)나폴리탄소시지파스타,4200,1+1
a151,간편식사,도시락,면)미트볼로제치즈파스타,4600,2+1
a152,간편식사,도시락,샐)닭가슴살단호박샐러드,4900,-50%
a153,간편식사,도시락,샐)살사푸실리고구마샐러,4900,2+1
a154,간편식사,도시락,샐)뉴치킨찹찹샐러드,3800,NULL
a155,간편식사,도시락,샐)뉴흑임자치킨샐러드,3800,1+1
a156,간편식사,도시락,샐)뉴에그가먼저닭샐러드,3800,2+1
a157,간편식사,도시락,면)반반함박토마토파스타,4900,NULL
a158,간편식사,도시락,도)자이언트고추마요치킨,9900,2+1
a159,간편식사,도시락,도)스팸돈까스정식,4900,NULL
a160,간편식사,도시락,샐)훈제오리보양샐러드,5600,NULL
a161,간편식사,주먹밥/김밥,햄)마라스테이크버거,3500,-30%
a162,간편식사,주먹밥/김밥,샌)망곰이의딸기샌드,3600,-50%
a163,간편식사,주먹밥/김밥,햄)그릴드치킨버거,3800,2+1
a164,간편식사,주먹밥/김밥,샌)스윗스윗맛있구마,3400,-30%
a165,간편식사,주먹밥/김밥,샌)로우쏭슬라이더,4200,2+1
a166,간편식사,주먹밥/김밥,샌)페퍼로니에그토스트,3500,NULL
a167,간편식사,주먹밥/김밥,햄)망곰이의꿀호떡버거,3400,2+1
a168,간편식사,주먹밥/김밥,햄)국민새우버거,3500,NULL
a169,간편식사,주먹밥/김밥,샌)몽블랑크림샌드,3400,-50%
a170,간편식사,주먹밥/김밥,샌)달콤맛있구마샌드,2800,NULL
a171,간편식사,주먹밥/김밥,샌)대박나새우,3600,2+1
a172,간편식사,주먹밥/김밥,햄)코난의혹의매운맛카레,3700,NULL
a173,간편식사,주먹밥/김밥,샌)에그햄치즈모닝샌드,4000,2+1
a174,간편식사,주먹밥/김밥,샌)멘치카츠샌드,3600,NULL
a175,간편식사,주먹밥/김밥,햄)백종원의유린기버거,3900,1+1
a176,간편식사,주먹밥/김밥,햄)반디오리지널버거,3800,2+1
a177,간편식사,주먹밥/김밥,샌)자이언트아삭참치,3900,-30%
a178,간편식사,주먹밥/김밥,핫)데리야끼치킨우엉도그,3900,1+1
a179,간편식사,주먹밥/김밥,샌)토마토햄치즈모닝샌드,4000,-30%
a180,간편식사,주먹밥/김밥,샌)자이언트갈릭치킨,4300,NULL
a181,간편식사,주먹밥/김밥,샌)바질가득치킨샌드,4900,2+1
a182,간편식사,주먹밥/김밥,샌)자이언트치킨데리야끼,4300,-50%
a183,간편식사,주먹밥/김밥,샌)자이언트디럭스통밀햄,3900,-70%
a184,간편식사,주먹밥/김밥,햄)채식카츠버거,3600,NULL
a185,간편식사,주먹밥/김밥,햄)한돈버거매쉬포테이토,3800,NULL
a186,간편식사,주먹밥/김밥,샌)채식모타델라루꼴라,4700,NULL
a187,간편식사,주먹밥/김밥,햄)뉴탑티어통닭다리살,3500,2+1
a188,간편식사,주먹밥/김밥,햄)하인즈버거,4000,1+1
a189,간편식사,주먹밥/김밥,샌)아몬드카라멜베이글,4900,2+1
a190,간편식사,주먹밥/김밥,햄)스위트함박버거,3600,-30%
a191,간편식사,주먹밥/김밥,샌)스위트어니언베이글,4900,1+1
a192,간편식사,주먹밥/김밥,샌)베리베리베이글,4900,NULL
a193,간편식사,주먹밥/김밥,핫)크리미미트볼핫도그,3800,NULL
a194,간편식사,주먹밥/김밥,샌)Fresh시저치킨랩,5200,NULL
a195,간편식사,주먹밥/김밥,샌)Fresh치폴레치킨랩,5200,NULL
a196,간편식사,주먹밥/김밥,샌)뚱실에그&참치,3400,NULL
a197,간편식사,주먹밥/김밥,햄)볼륨UP새치버거,4200,-30%
a198,간편식사,주먹밥/김밥,샌)초당옥수수크림샌드,3000,-70%
a199,간편식사,주먹밥/김밥,샌)뚱실에그&치킨,3400,2+1
a200,간편식사,주먹밥/김밥,햄)볼륨UP햄치버거,4000,NULL
a201,간편식사,주먹밥/김밥,샌)뚱실에그&햄감자,3400,-50%
a202,간편식사,주먹밥/김밥,햄)볼륨UP불불버거,3400,NULL
a203,간편식사,주먹밥/김밥,햄)국민불고기버거,3000,2+1
a204,간편식사,주먹밥/김밥,햄)고추마요통살치킨,3900,NULL
a205,간편식사,주먹밥/김밥,샌)그릴드치킨월넛샌드,3000,-50%
a206,간편식사,주먹밥/김밥,햄)훈제목살버거,3500,NULL
a207,간편식사,주먹밥/김밥,샌)꽃카포슬감자샌드,3400,NULL
a208,간편식사,주먹밥/김밥,샌)와이파이반미샌드,4800,-70%
a209,간편식사,주먹밥/김밥,샌)어니언포테이토샌드,3000,2+1
a210,간편식사,주먹밥/김밥,햄)불케이노버거,3800,NULL
a211,간편식사,주먹밥/김밥,샌)꽃카콘에그샌드,3400,NULL
a212,간편식사,주먹밥/김밥,샌)안기준의햄샌드,3200,2+1
a213,간편식사,주먹밥/김밥,샌)스팸폭신에그샌드,3400,NULL
a214,간편식사,주먹밥/김밥,햄)스팸에그버거,3200,2+1
a215,간편식사,주먹밥/김밥,샌)뚱실사라다샌드,3400,NULL
a216,간편식사,주먹밥/김밥,샌)미피의햄코울슬로,3200,2+1
a217,간편식사,주먹밥/김밥,샌)뚱실햄에그,3400,2+1
a218,간편식사,주먹밥/김밥,햄)백종원치즈함박,3600,2+1
a219,간편식사,주먹밥/김밥,햄)베이컨에그모닝머핀,2900,-50%
a220,간편식사,주먹밥/김밥,샌)뉴대만식연유,2600,2+1
a221,간편식사,주먹밥/김밥,햄)한돈버거더클래식,3800,2+1
a222,간편식사,주먹밥/김밥,햄)점보치즈불고기버거,2800,-30%
a223,간편식사,주먹밥/김밥,햄)뉴빅클래식불고기버거,3400,1+1
a224,간편식사,주먹밥/김밥,샌)하프&하프샌드,3200,2+1
a225,간편식사,주먹밥/김밥,샌)통밀햄,3300,1+1
a226,간편식사,주먹밥/김밥,샌)햄에그치즈,3300,NULL
a227,간편식사,주먹밥/김밥,샌)통밀베이컨,3300,2+1
a228,간편식사,주먹밥/김밥,핫)아메리칸핫도그,3400,2+1
a229,간편식사,주먹밥/김밥,핫)리치리치콘치즈,3600,-70%
a230,간편식사,주먹밥/김밥,샌)햄감자샐러드,3200,2+1
a231,간편식사,주먹밥/김밥,샌)에그포테이토,3300,NULL
a232,간편식사,주먹밥/김밥,햄)K오리지널불고기버거,3500,NULL
a233,간편식사,주먹밥/김밥,햄)뉴상하이스파이시버거,2800,-30%
a234,간편식사,주먹밥/김밥,햄)에그불고기치즈햄버거,2800,1+1
a235,간편식사,주먹밥/김밥,햄)딥치즈베이컨햄버거,2800,1+1
a236,간편식사,주먹밥/김밥,샌)에그고소햄샌드,2500,NULL
a237,간편식사,주먹밥/김밥,샌)케이준치킨샌드,2800,NULL
a238,간편식사,주먹밥/김밥,샌)에그슬라이스샌드,2800,-30%
a239,간편식사,주먹밥/김밥,샌)크래프트치즈딸기샌드,2800,2+1
a240,간편식사,주먹밥/김밥,샌)BELT샌드,2800,NULL
b1,즉석조리,베이커리,튀김)단팥붕어빵N,900,NULL
b2,즉석조리,베이커리,튀김)슈크림붕어빵N,900,2+1
b3,즉석조리,베이커리,튀김)자이언트치킨BOX,11500,NULL
b4,즉석조리,베이커리,튀김)뉴곰돌이치킨바N,1300,NULL
b5,즉석조리,베이커리,튀김)닭다리순살꼬치N,2000,-70%
b6,즉석조리,베이커리,튀김)닭다리순살꼬치매콤N,2000,1+1
b7,즉석조리,베이커리,튀김)매콤가라아게꼬치N,2000,2+1
b8,즉석조리,베이커리,튀김)가라아게꼬치N,2000,2+1
b9,즉석조리,베이커리,튀김)치킨텐더꼬치N,1800,NULL
b10,즉석조리,베이커리,튀김)후라이드닭다리N,2300,-30%
b11,즉석조리,베이커리,튀김)두가지맛치즈스틱N,1500,-30%
b12,즉석조리,베이커리,도너츠)딸기츄잉도넛N,1200,2+1
b13,즉석조리,베이커리,튀김)더블핫순살넓적다리N,2300,2+1
b14,즉석조리,베이커리,도너츠)초코보스톤N,1200,1+1
b15,즉석조리,베이커리,도너츠)딸기보스톤N,1200,NULL
b16,즉석조리,베이커리,튀김)뉴자이언트지파이N,2900,NULL
b17,즉석조리,베이커리,튀김)매콤핫닭다리N,2600,-70%
b18,즉석조리,베이커리,도너츠)초코후로스트N,1100,-70%
b19,즉석조리,베이커리,도너츠)초코케익글레이즈N,1200,2+1
b20,즉석조리,베이커리,큐로)일리인텐소250g,17000,NULL
b21,즉석조리,베이커리,일리ICE아메리카노XL,2200,NULL
b22,즉석조리,베이커리,일리HOT아메리카노L,2500,2+1
b23,즉석조리,베이커리,GET아이스아메리카노벤티,1300,-30%
b24,즉석조리,베이커리,튀김)5마리통새우꼬치N,1800,-50%
b25,즉석조리,베이커리,도너츠)스위트츄잉도넛N,1200,NULL
b26,즉석조리,베이커리,도너츠)올드글레이즈N,1200,1+1
b27,즉석조리,베이커리,즉석빵)브리오슈크로아상N,1500,NULL
b28,즉석조리,베이커리,즉석빵)초코칩브리오슈N,1400,2+1
b29,즉석조리,베이커리,즉석빵)딸기피치브리오슈N,1400,-50%
b30,즉석조리,베이커리,즉석빵)팡오쇼콜라N,1400,2+1
b31,즉석조리,베이커리,도너츠)바바리안필드N,1200,-30%
b32,즉석조리,베이커리,도너츠)스트로베리필드N,1200,2+1
b33,즉석조리,베이커리,튀김)바삭매콤순살꼬치N,2000,-70%
b34,즉석조리,베이커리,튀김)바삭순살치킨꼬치N,2000,-30%
b35,즉석조리,베이커리,튀김)치즈휴게소소시지바N,2400,1+1
b36,즉석조리,베이커리,튀김)휴게소소시지바N,2400,2+1
b37,즉석조리,베이커리,튀김)소떡소떡N,1800,-50%
b38,즉석조리,베이커리,즉석빵)우유크림소보로N,1800,1+1
b39,즉석조리,베이커리,즉석빵)땅콩크림샌드N,1600,1+1
b40,즉석조리,베이커리,즉석빵)우유크림샌드N,1600,NULL
b41,즉석조리,베이커리,즉석빵)딸기크림샌드N,1600,NULL
b42,즉석조리,베이커리,튀김)얇은피닭날개N,2600,2+1
b43,즉석조리,베이커리,튀김)얇은피닭다리N,2600,2+1
b44,즉석조리,베이커리,튀김)얇은피넓적다리N,2600,-30%
b45,즉석조리,베이커리,뉴get커피블렌드500g,17000,1+1
b46,즉석조리,베이커리,튀김)가마로강정꼬치매콤N,2300,-30%
b47,즉석조리,베이커리,피자)오이피클80gN,500,NULL
b48,즉석조리,베이커리,튀김)자이언트92핫도그N,2000,-30%
b49,즉석조리,베이커리,즉석빵)맛있는슈크림빵N,1400,-50%
b50,즉석조리,베이커리,즉석빵)맛있는단팥빵N,1400,NULL
b51,즉석조리,베이커리,즉석빵)옥수수크림샌드N,1500,NULL
b52,즉석조리,베이커리,튀김)갈릭디핑소스,500,NULL
b53,즉석조리,베이커리,튀김)양념치킨소스,500,1+1
b54,즉석조리,베이커리,도너츠)코코넛초코링,1000,1+1
b55,즉석조리,베이커리,튀김)통살닭다리꼬치,2200,NULL
b56,즉석조리,베이커리,튀김)맵달시즈닝1회용,200,2+1
b57,즉석조리,베이커리,튀김)자이언트순살치킨,8900,-30%
b58,즉석조리,베이커리,즉석빵)고구마빵,2000,NULL
b59,즉석조리,베이커리,튀김)7마리통새우꼬치,2000,-30%
b60,즉석조리,베이커리,튀김)치즈볼1입,500,NULL
b61,즉석조리,베이커리,도너츠)글레이즈드도넛,1300,NULL
b62,즉석조리,베이커리,즉석빵)커브크로와상,1200,NULL
b63,즉석조리,베이커리,오뎅)고래사모듬꼬치어묵,1500,NULL
b64,즉석조리,베이커리,튀김)버팔로봉봉스틱,7900,1+1
b65,즉석조리,베이커리,GET헤이즐넛향시럽,400,NULL
b66,즉석조리,베이커리,튀김)참숯구이매콤닭꼬치,2200,1+1
b67,즉석조리,베이커리,튀김)참숯구이닭꼬치,2200,NULL
b68,즉석조리,베이커리,오뎅)미도사각꼬치어묵,1000,NULL
b69,즉석조리,베이커리,도너츠)비스마르크도넛80g,1100,-70%
b70,즉석조리,베이커리,즉석빵)브라우니쿠키,1000,NULL
b71,즉석조리,베이커리,튀김)자이언트통다리,4500,NULL
b72,즉석조리,베이커리,GET바닐라라떼파우더,500,NULL
b73,즉석조리,베이커리,튀김)매콤넓적다리,2700,2+1
b74,즉석조리,베이커리,튀김)넓적다리,2700,NULL
b75,즉석조리,베이커리,즉석빵)듬뿍연유소보로빵,1400,NULL
b76,즉석조리,베이커리,튀김)곰돌이치킨바,1300,NULL
b77,즉석조리,베이커리,튀김)후라이드치킨,9900,2+1
b78,즉석조리,베이커리,GET아이스아메리카노XL,900,-30%
b79,즉석조리,베이커리,튀김)체다치즈핫찰도그바,2300,-30%
b80,즉석조리,베이커리,도너츠)딸기링도넛70g,1100,NULL
b81,즉석조리,튀김류,튀김)단팥붕어빵N,900,2+1
b82,즉석조리,튀김류,튀김)슈크림붕어빵N,900,2+1
b83,즉석조리,튀김류,튀김)자이언트치킨BOX,11500,2+1
b84,즉석조리,튀김류,튀김)뉴곰돌이치킨바N,1300,-30%
b85,즉석조리,튀김류,튀김)닭다리순살꼬치N,2000,-50%
b86,즉석조리,튀김류,튀김)닭다리순살꼬치매콤N,2000,-30%
b87,즉석조리,튀김류,튀김)매콤가라아게꼬치N,2000,2+1
b88,즉석조리,튀김류,튀김)가라아게꼬치N,2000,2+1
b89,즉석조리,튀김류,튀김)치킨텐더꼬치N,1800,NULL
b90,즉석조리,튀김류,튀김)후라이드닭다리N,2300,1+1
b91,즉석조리,튀김류,튀김)두가지맛치즈스틱N,1500,NULL
b92,즉석조리,튀김류,튀김)더블핫순살넓적다리N,2300,1+1
b93,즉석조리,튀김류,튀김)뉴자이언트지파이N,2900,2+1
b94,즉석조리,튀김류,튀김)매콤핫닭다리N,2600,NULL
b95,즉석조리,튀김류,튀김)5마리통새우꼬치N,1800,1+1
b96,즉석조리,튀김류,튀김)바삭매콤순살꼬치N,2000,NULL
b97,즉석조리,튀김류,튀김)바삭순살치킨꼬치N,2000,NULL
b98,즉석조리,튀김류,튀김)치즈휴게소소시지바N,2400,NULL
b99,즉석조리,튀김류,튀김)휴게소소시지바N,2400,2+1
b100,즉석조리,튀김류,튀김)소떡소떡N,1800,2+1
b101,즉석조리,튀김류,튀김)얇은피닭날개N,2600,-30%
b102,즉석조리,튀김류,튀김)얇은피닭다리N,2600,-70%
b103,즉석조리,튀김류,튀김)얇은피넓적다리N,2600,NULL
b104,즉석조리,튀김류,튀김)가마로강정꼬치매콤N,2300,NULL
b105,즉석조리,튀김류,튀김)자이언트92핫도그N,2000,-30%
b106,즉석조리,튀김류,튀김)갈릭디핑소스,500,NULL
b107,즉석조리,튀김류,튀김)양념치킨소스,500,2+1
b108,즉석조리,튀김류,튀김)통살닭다리꼬치,2200,NULL
b109,즉석조리,튀김류,튀김)맵달시즈닝1회용,200,2+1
b110,즉석조리,튀김류,튀김)자이언트순살치킨,8900,NULL
b111,즉석조리,튀김류,튀김)7마리통새우꼬치,2000,2+1
b112,즉석조리,튀김류,튀김)치즈볼1입,500,1+1
b113,즉석조리,튀김류,오뎅)고래사모듬꼬치어묵,1500,2+1
b114,즉석조리,튀김류,튀김)버팔로봉봉스틱,7900,-70%
b115,즉석조리,튀김류,튀김)참숯구이매콤닭꼬치,2200,-50%
b116,즉석조리,튀김류,튀김)참숯구이닭꼬치,2200,1+1
b117,즉석조리,튀김류,오뎅)미도사각꼬치어묵,1000,NULL
b118,즉석조리,튀김류,튀김)자이언트통다리,4500,-50%
b119,즉석조리,튀김류,튀김)매콤넓적다리,2700,NULL
b120,즉석조리,튀김류,튀김)넓적다리,2700,-30%
b121,즉석조리,튀김류,튀김)곰돌이치킨바,1300,NULL
b122,즉석조리,튀김류,튀김)후라이드치킨,9900,-30%
b123,즉석조리,튀김류,튀김)체다치즈핫찰도그바,2300,1+1
b124,즉석조리,튀김류,튀김)핫찰도그바,2000,2+1
b125,즉석조리,튀김류,튀김)닭다리,2700,NULL
b126,즉석조리,즉석커피,도너츠)딸기츄잉도넛N,1200,2+1
b127,즉석조리,즉석커피,도너츠)초코보스톤N,1200,2+1
b128,즉석조리,즉석커피,도너츠)딸기보스톤N,1200,-50%
b129,즉석조리,즉석커피,도너츠)초코후로스트N,1100,1+1
b130,즉석조리,즉석커피,도너츠)초코케익글레이즈N,1200,-50%
b131,즉석조리,즉석커피,도너츠)스위트츄잉도넛N,1200,NULL
b132,즉석조리,즉석커피,도너츠)올드글레이즈N,1200,2+1
b133,즉석조리,즉석커피,즉석빵)브리오슈크로아상N,1500,-30%
b134,즉석조리,즉석커피,즉석빵)초코칩브리오슈N,1400,NULL
b135,즉석조리,즉석커피,즉석빵)딸기피치브리오슈N,1400,NULL
b136,즉석조리,즉석커피,즉석빵)팡오쇼콜라N,1400,NULL
b137,즉석조리,즉석커피,도너츠)바바리안필드N,1200,1+1
b138,즉석조리,즉석커피,도너츠)스트로베리필드N,1200,-30%
b139,즉석조리,즉석커피,즉석빵)우유크림소보로N,1800,NULL
b140,즉석조리,즉석커피,즉석빵)땅콩크림샌드N,1600,2+1
b141,즉석조리,즉석커피,즉석빵)우유크림샌드N,1600,1+1
b142,즉석조리,즉석커피,즉석빵)딸기크림샌드N,1600,-30%
b143,즉석조리,즉석커피,피자)오이피클80gN,500,2+1
b144,즉석조리,즉석커피,즉석빵)맛있는슈크림빵N,1400,2+1
b145,즉석조리,즉석커피,즉석빵)맛있는단팥빵N,1400,2+1
b146,즉석조리,즉석커피,즉석빵)옥수수크림샌드N,1500,1+1
b147,즉석조리,즉석커피,도너츠)코코넛초코링,1000,2+1
b148,즉석조리,즉석커피,즉석빵)고구마빵,2000,2+1
b149,즉석조리,즉석커피,도너츠)글레이즈드도넛,1300,-30%
b150,즉석조리,즉석커피,즉석빵)커브크로와상,1200,-30%
b151,즉석조리,즉석커피,도너츠)비스마르크도넛80g,1100,2+1
b152,즉석조리,즉석커피,즉석빵)브라우니쿠키,1000,2+1
b153,즉석조리,즉석커피,즉석빵)듬뿍연유소보로빵,1400,-30%
b154,즉석조리,즉석커피,도너츠)딸기링도넛70g,1100,NULL
b155,즉석조리,즉석커피,도너츠)백앙금베터도넛60g,1200,NULL
b156,즉석조리,즉석커피,도너츠)화이트초코링N,1100,NULL
b157,즉석조리,즉석커피,즉석빵)스위트크런치,900,NULL
b158,즉석조리,즉석커피,즉석빵)치즈쿠키,500,NULL
b159,즉석조리,즉석커피,즉석빵)쵸코칩쿠키,400,-50%
b160,즉석조리,즉석커피,즉석빵)초코크로와상,1500,NULL
b161,즉석조리,즉석커피,즉석빵)메이플피칸파이,1600,-30%
b162,즉석조리,즉석커피,즉석빵)찰호박꽈베기,1500,NULL
b163,즉석조리,즉석커피,즉석빵)팥앙금패스트리,1200,-30%
b164,즉석조리,즉석커피,즉석빵)고구마슈크림,1400,2+1
b165,즉석조리,즉석커피,즉석빵)쫀득우유찰빵,400,2+1
b166,즉석조리,즉석커피,즉석빵)촉촉한초코칩쿠키,700,2+1
b167,즉석조리,즉석커피,즉석빵)애플크라운,1700,-30%
b168,즉석조리,즉석커피,도너츠)초코마카롱도넛70g,1100,NULL
b169,즉석조리,즉석커피,도너츠)딸기마카롱도넛70g,1100,NULL
b170,즉석조리,즉석커피,즉석빵)고구마파이,1600,1+1
b171,즉석조리,즉석커피,피자)콤비네이션피자,7200,1+1
b172,즉석조리,즉석커피,피자)치즈피자,7200,1+1
b173,즉석조리,즉석커피,피자)불고기피자,7200,-50%
c1,과자류,빵/디저트,대산)쿠키런큰별바나나,2000,NULL
c2,과자류,빵/디저트,엠즈)루돌프모카케이크,6900,NULL
c3,과자류,빵/디저트,엠즈)눈사람우유케이크,6900,NULL
c4,과자류,빵/디저트,피오레)생딸기케이크,3800,-70%
c5,과자류,빵/디저트,미스티)폼폼푸린4D구미,2500,NULL
c6,과자류,빵/디저트,미스티)쿠로미4D구미,2500,NULL
c7,과자류,빵/디저트,이웃집)고구마크룽지,1900,NULL
c8,과자류,빵/디저트,오리온)키위알맹이,1200,2+1
c9,과자류,빵/디저트,삼립)허쉬레이어드케익,6800,NULL
c10,과자류,빵/디저트,삼립)허쉬초코베리롤케익,4900,2+1
c11,과자류,빵/디저트,삼립)아톰우피파이,1800,NULL
c12,과자류,빵/디저트,삼립)아톰딸기마블케익,1800,1+1
c13,과자류,빵/디저트,삼립)아톰라즈베리팡,1800,-30%
c14,과자류,빵/디저트,삼립)아톰모카롤케익,1800,NULL
c15,과자류,빵/디저트,매크로)폴트초코타르트,3000,1+1
c16,과자류,빵/디저트,매크로)폴트딸기타르트,3000,2+1
c17,과자류,빵/디저트,마즈)몰티져스카라멜골드,1800,2+1
c18,과자류,빵/디저트,조이)망곰이초코마카롱,3800,NULL
c19,과자류,빵/디저트,405)피넛크림소보로빵,2300,NULL
c20,과자류,빵/디저트,조이)망곰이딸기마카롱,3800,1+1
c21,과자류,빵/디저트,참조은)바스크치즈케이크,2700,NULL
c22,과자류,빵/디저트,벨리)앙꼬라즈베리도넛,2900,NULL
c23,과자류,빵/디저트,연세)녹차초코생크림컵,4200,NULL
c24,과자류,빵/디저트,삼립)허쉬초코칩머핀,2200,-70%
c25,과자류,빵/디저트,롯데)러버러버젤리백도,1500,-30%
c26,과자류,빵/디저트,롯데)러버러버골드키위,1500,2+1
c27,과자류,빵/디저트,HEYROO콘소메맛시리얼팝,1600,-70%
c28,과자류,빵/디저트,오리온)단백질칩버터구이,1700,1+1
c29,과자류,빵/디저트,오리온)단백질칩칠리살사,1700,NULL
c30,과자류,빵/디저트,405)오리지널통단팥빵,2300,2+1
c31,과자류,빵/디저트,엠즈)매일우유오트소금롤,3900,-50%
c32,과자류,빵/디저트,나무)찐탱망고젤리,2000,NULL
c33,과자류,빵/디저트,초코)짱구21곡치즈바,700,NULL
c34,과자류,빵/디저트,유라가)밤생크림찹쌀떡,3000,NULL
c35,과자류,빵/디저트,삼립)꿀고구마쿠키,1500,1+1
c36,과자류,빵/디저트,삼립)호구마샌드,1800,-30%
c37,과자류,빵/디저트,하늘)미니스트룹와플96g,2400,NULL
c38,과자류,빵/디저트,HEYROO감자칩득템트러플향,1700,1+1
c39,과자류,빵/디저트,HEYROO타코칩살사맛,1800,NULL
c40,과자류,빵/디저트,엠즈)생크림리얼브라우니,5100,2+1
c41,과자류,빵/디저트,엠즈)생크림바스크케이크,5100,-30%
c42,과자류,빵/디저트,나무)떡복희젤리,2000,2+1
c43,과자류,빵/디저트,삼광)초코바사삭12g,500,-50%
c44,과자류,빵/디저트,코코)산리오팔찌캔디,4000,1+1
c45,과자류,빵/디저트,경남)레모나톡톡젤리,2000,-30%
c46,과자류,빵/디저트,유라가)알감자찰떡꼬치,3500,2+1
c47,과자류,빵/디저트,삼립)씨앗호떡쿠키,1500,1+1
c48,과자류,빵/디저트,삼립)제주당근크럼블케익,3500,NULL
c49,과자류,빵/디저트,동서)리츠크래커스노우,1800,-30%
c50,과자류,빵/디저트,동화)꽈페솔티카라멜스낵,1700,-30%
c51,과자류,빵/디저트,대산)먹태리아나쵸칩60g,1500,-30%
c52,과자류,빵/디저트,농심)우와한칩치폴레55g,2500,-70%
c53,과자류,빵/디저트,405)스위트시나몬롤,2300,NULL
c54,과자류,빵/디저트,405)애플크럼블시나몬롤,2300,-30%
c55,과자류,빵/디저트,나무)궁극의이슬젤리,4000,-50%
c56,과자류,빵/디저트,SD)코난리본젤리딸기맛,1900,1+1
c57,과자류,빵/디저트,오리온)비쵸비125g,3000,-70%
c58,과자류,빵/디저트,삼립)포켓몬갈릭치킨호빵,2200,-30%
c59,과자류,빵/디저트,삼립)포켓몬제육볶음호빵,2200,2+1
c60,과자류,빵/디저트,삼립)포켓몬딸기크림샌드,2200,NULL
c61,과자류,빵/디저트,삼립)제주당근큐브케익,3500,-30%
c62,과자류,빵/디저트,삼립)23떡볶이호빵3입,4800,NULL
c63,과자류,빵/디저트,해태)홈런볼마롱크림,2000,-30%
c64,과자류,빵/디저트,삼립)23떡볶이호빵,1600,NULL
c65,과자류,빵/디저트,롯데)후레쉬민트,1200,-30%
c66,과자류,빵/디저트,나무)폭신감튀마시멜로우,1800,-30%
c67,과자류,빵/디저트,크라운)크로플아몬드50g,1500,NULL
c68,과자류,빵/디저트,롯데)제로마일드초콜릿,2500,2+1
c69,과자류,빵/디저트,이멕스)헬로키티마쉬멜로,300,1+1
c70,과자류,빵/디저트,405)소프트롤링스윗허니,1800,-30%
c71,과자류,빵/디저트,명도)미주라프로틴오트밀,2500,1+1
c72,과자류,빵/디저트,명도)미주라프로틴아몬드,2500,NULL
c73,과자류,빵/디저트,유라가)고구마찰떡꼬치,3500,NULL
c74,과자류,빵/디저트,크라운)쿠크다스치즈,3500,NULL
c75,과자류,빵/디저트,삼립)포켓몬초코카스테라,2500,2+1
c76,과자류,빵/디저트,삼립)23미트파이호빵3입,4500,1+1
c77,과자류,빵/디저트,해태)프리츠앙꼬크림스틱,1500,NULL
c78,과자류,빵/디저트,몽뜨)포지타노레몬캔디,3500,NULL
c79,과자류,빵/디저트,삼립)23미트파이호빵,1500,NULL
c80,과자류,빵/디저트,성풍)프랄린크리스피다크,1800,1+1
c81,과자류,껌/초콜릿/캔디,대산)쿠키런큰별바나나,2000,-30%
c82,과자류,껌/초콜릿/캔디,매크로)폴트초코타르트,3000,-50%
c83,과자류,껌/초콜릿/캔디,매크로)폴트딸기타르트,3000,2+1
c84,과자류,껌/초콜릿/캔디,HEYROO콘소메맛시리얼팝,1600,2+1
c85,과자류,껌/초콜릿/캔디,오리온)단백질칩버터구이,1700,NULL
c86,과자류,껌/초콜릿/캔디,오리온)단백질칩칠리살사,1700,-30%
c87,과자류,껌/초콜릿/캔디,초코)짱구21곡치즈바,700,1+1
c88,과자류,껌/초콜릿/캔디,하늘)미니스트룹와플96g,2400,NULL
c89,과자류,껌/초콜릿/캔디,HEYROO감자칩득템트러플향,1700,1+1
c90,과자류,껌/초콜릿/캔디,HEYROO타코칩살사맛,1800,2+1
c91,과자류,껌/초콜릿/캔디,삼광)초코바사삭12g,500,NULL
c92,과자류,껌/초콜릿/캔디,동서)리츠크래커스노우,1800,1+1
c93,과자류,껌/초콜릿/캔디,동화)꽈페솔티카라멜스낵,1700,-70%
c94,과자류,껌/초콜릿/캔디,대산)먹태리아나쵸칩60g,1500,1+1
c95,과자류,껌/초콜릿/캔디,농심)우와한칩치폴레55g,2500,2+1
c96,과자류,껌/초콜릿/캔디,오리온)비쵸비125g,3000,2+1
c97,과자류,껌/초콜릿/캔디,해태)홈런볼마롱크림,2000,NULL
c98,과자류,껌/초콜릿/캔디,크라운)크로플아몬드50g,1500,NULL
c99,과자류,껌/초콜릿/캔디,명도)미주라프로틴오트밀,2500,NULL
c100,과자류,껌/초콜릿/캔디,명도)미주라프로틴아몬드,2500,2+1
c101,과자류,껌/초콜릿/캔디,크라운)쿠크다스치즈,3500,-30%
c102,과자류,껌/초콜릿/캔디,해태)프리츠앙꼬크림스틱,1500,NULL
c103,과자류,껌/초콜릿/캔디,HEYROO먹태바사삭,1600,2+1
c104,과자류,껌/초콜릿/캔디,농심)빵부장소금빵55g,1700,2+1
c105,과자류,껌/초콜릿/캔디,롯데)제로쿠앤크샌드,2000,NULL
c106,과자류,껌/초콜릿/캔디,이멕스)얀얀초코스틱50g,1800,1+1
c107,과자류,껌/초콜릿/캔디,미성)화이트캐슬쿠키틴,3500,NULL
c108,과자류,껌/초콜릿/캔디,조인)에그프로틴바베리,1800,2+1
c109,과자류,껌/초콜릿/캔디,조인)에그프로틴바넛츠,1800,NULL
c110,과자류,껌/초콜릿/캔디,해태)프리츠발효버터,1500,1+1
c111,과자류,껌/초콜릿/캔디,해태)프리츠토마토,1500,NULL
c112,과자류,껌/초콜릿/캔디,델리팜)로아커곡물초코110,5000,NULL
c113,과자류,껌/초콜릿/캔디,델리팜)로아커곡물헤이110,5000,NULL
c114,과자류,껌/초콜릿/캔디,해태)허니버터칩콰트로55g,1700,NULL
c115,과자류,껌/초콜릿/캔디,농심)포테토칩트리플치즈,1700,-30%
c116,과자류,껌/초콜릿/캔디,델리팜)로아커곡물초코45g,2000,2+1
c117,과자류,껌/초콜릿/캔디,델리팜)로아커곡물헤이45g,2000,-30%
c118,과자류,껌/초콜릿/캔디,오리온)오땅핫스파이시90g,1500,NULL
c119,과자류,껌/초콜릿/캔디,매일)킨더트롱키90g,4000,NULL
c120,과자류,껌/초콜릿/캔디,매일)킨더트롱키18g,900,2+1
c121,과자류,껌/초콜릿/캔디,롯데)쁘띠몽쉘돌카롱,5000,2+1
c122,과자류,껌/초콜릿/캔디,켈로그)헤이즐넛다크초코,2200,-30%
c123,과자류,껌/초콜릿/캔디,롯데)빈츠끼리,2800,-30%
c124,과자류,껌/초콜릿/캔디,롯데)명가찰떡파이끼리,6600,1+1
c125,과자류,껌/초콜릿/캔디,롯데)칸쵸끼리,1200,NULL
c126,과자류,껌/초콜릿/캔디,롯데)카스타드끼리,6000,-30%
c127,과자류,껌/초콜릿/캔디,동서)오레오오즈컵30g,1900,-30%
c128,과자류,껌/초콜릿/캔디,동서)콘푸라이트컵30g,1900,NULL
c129,과자류,껌/초콜릿/캔디,종근당)콘스프밸런스볼,2500,NULL
c130,과자류,껌/초콜릿/캔디,종근당)치즈밸런스볼,2500,1+1
c131,과자류,껌/초콜릿/캔디,래딕)아미고나쵸치즈,3000,2+1
c132,과자류,껌/초콜릿/캔디,해태)스내피크리스프53g,2500,2+1
c133,과자류,껌/초콜릿/캔디,미성)오트밀치즈바이트35g,1500,2+1
c134,과자류,껌/초콜릿/캔디,미성)오트밀미니바이트40g,1500,NULL
c135,과자류,껌/초콜릿/캔디,해태)에이스바스크치즈,1700,-30%
c136,과자류,껌/초콜릿/캔디,앰지)밀카초코슈프림30g,1300,2+1
c137,과자류,껌/초콜릿/캔디,HEYROO청양마요맛새우칩,1800,1+1
c138,과자류,껌/초콜릿/캔디,롯데)오잉노가리칩60g,1700,-30%
c139,과자류,껌/초콜릿/캔디,미성)리치허니쌀과자120g,3500,NULL
c140,과자류,껌/초콜릿/캔디,티디)생미쉘그란데갈라떼,5500,-50%
c141,과자류,껌/초콜릿/캔디,티디)생미쉘그란데초코,5500,NULL
c142,과자류,껌/초콜릿/캔디,HEYROO초코러스크,1800,2+1
c143,과자류,껌/초콜릿/캔디,서주)문파워밀크티웨하스,2800,NULL
c144,과자류,껌/초콜릿/캔디,오리온)마켓오브라우니6입,3000,NULL
c145,과자류,껌/초콜릿/캔디,롯데)씨리얼초코,1200,-50%
c146,과자류,껌/초콜릿/캔디,해태)후렌치파이사과,4200,NULL
c147,과자류,껌/초콜릿/캔디,롯데)더쌀로핫칠리맛60g,1700,NULL
c148,과자류,껌/초콜릿/캔디,서주)앙꼬크림웨하스,2200,-70%
c149,과자류,껌/초콜릿/캔디,미성)허쉬미니쿠키,1700,NULL
c150,과자류,껌/초콜릿/캔디,오뚜기)뿌셔뿌셔바베큐맛,1200,-30%
c151,과자류,껌/초콜릿/캔디,어니)뽀로로한입딸기약과,2000,1+1
c152,과자류,껌/초콜릿/캔디,어니)포비빅소프트밀키볼,1700,NULL
c153,과자류,껌/초콜릿/캔디,어니)포비빅소프트초코볼,1700,-50%
c154,과자류,껌/초콜릿/캔디,해태)후렌치파이블루베리,4200,NULL
c155,과자류,껌/초콜릿/캔디,HEYROO오엑스칩불닭맛,1500,-30%
c156,과자류,껌/초콜릿/캔디,해태)앙꼬생생감자칩피자,1800,NULL
c157,과자류,껌/초콜릿/캔디,해태)앙꼬생생감자칩매쉬,1800,2+1
c158,과자류,껌/초콜릿/캔디,HEYROO핫오징어스틱,1800,NULL
c159,과자류,껌/초콜릿/캔디,동서)포스트액티브바,2000,2+1
c160,과자류,껌/초콜릿/캔디,동서)포스트밸런스바,2000,2+1
c161,과자류,스낵/비스켓,엠즈)루돌프모카케이크,6900,NULL
c162,과자류,스낵/비스켓,엠즈)눈사람우유케이크,6900,2+1
c163,과자류,스낵/비스켓,피오레)생딸기케이크,3800,-30%
c164,과자류,스낵/비스켓,이웃집)고구마크룽지,1900,-30%
c165,과자류,스낵/비스켓,삼립)허쉬레이어드케익,6800,2+1
c166,과자류,스낵/비스켓,삼립)허쉬초코베리롤케익,4900,NULL
c167,과자류,스낵/비스켓,삼립)아톰우피파이,1800,-30%
c168,과자류,스낵/비스켓,삼립)아톰딸기마블케익,1800,NULL
c169,과자류,스낵/비스켓,삼립)아톰라즈베리팡,1800,2+1
c170,과자류,스낵/비스켓,삼립)아톰모카롤케익,1800,NULL
c171,과자류,스낵/비스켓,조이)망곰이초코마카롱,3800,NULL
c172,과자류,스낵/비스켓,405)피넛크림소보로빵,2300,1+1
c173,과자류,스낵/비스켓,조이)망곰이딸기마카롱,3800,NULL
c174,과자류,스낵/비스켓,참조은)바스크치즈케이크,2700,1+1
c175,과자류,스낵/비스켓,벨리)앙꼬라즈베리도넛,2900,NULL
c176,과자류,스낵/비스켓,연세)녹차초코생크림컵,4200,2+1
c177,과자류,스낵/비스켓,삼립)허쉬초코칩머핀,2200,2+1
c178,과자류,스낵/비스켓,405)오리지널통단팥빵,2300,NULL
c179,과자류,스낵/비스켓,엠즈)매일우유오트소금롤,3900,2+1
c180,과자류,스낵/비스켓,유라가)밤생크림찹쌀떡,3000,1+1
c181,과자류,스낵/비스켓,삼립)꿀고구마쿠키,1500,1+1
c182,과자류,스낵/비스켓,삼립)호구마샌드,1800,2+1
c183,과자류,스낵/비스켓,엠즈)생크림리얼브라우니,5100,2+1
c184,과자류,스낵/비스켓,엠즈)생크림바스크케이크,5100,-30%
c185,과자류,스낵/비스켓,유라가)알감자찰떡꼬치,3500,-30%
c186,과자류,스낵/비스켓,삼립)씨앗호떡쿠키,1500,-50%
c187,과자류,스낵/비스켓,삼립)제주당근크럼블케익,3500,2+1
c188,과자류,스낵/비스켓,405)스위트시나몬롤,2300,-30%
c189,과자류,스낵/비스켓,405)애플크럼블시나몬롤,2300,-50%
c190,과자류,스낵/비스켓,삼립)포켓몬갈릭치킨호빵,2200,-50%
c191,과자류,스낵/비스켓,삼립)포켓몬제육볶음호빵,2200,1+1
c192,과자류,스낵/비스켓,삼립)포켓몬딸기크림샌드,2200,NULL
c193,과자류,스낵/비스켓,삼립)제주당근큐브케익,3500,2+1
c194,과자류,스낵/비스켓,삼립)23떡볶이호빵3입,4800,-70%
c195,과자류,스낵/비스켓,삼립)23떡볶이호빵,1600,-50%
c196,과자류,스낵/비스켓,405)소프트롤링스윗허니,1800,2+1
c197,과자류,스낵/비스켓,유라가)고구마찰떡꼬치,3500,1+1
c198,과자류,스낵/비스켓,삼립)포켓몬초코카스테라,2500,-70%
c199,과자류,스낵/비스켓,삼립)23미트파이호빵3입,4500,2+1
c200,과자류,스낵/비스켓,삼립)23미트파이호빵,1500,NULL
c201,과자류,스낵/비스켓,참조은)고구마롤케이크,3600,NULL
c202,과자류,스낵/비스켓,대두)고구마찰떡,2000,2+1
c203,과자류,스낵/비스켓,삼립)미니니콩고물롤케익,4900,NULL
c204,과자류,스낵/비스켓,삼립)아시나요크림떡,2000,NULL
c205,과자류,스낵/비스켓,삼립)보름달인절미,1600,2+1
c206,과자류,스낵/비스켓,참조은)케로로고구마호빵,2200,NULL
c207,과자류,스낵/비스켓,연세)마롱생크림빵,3500,NULL
c208,과자류,스낵/비스켓,유라가)초코탕후루찰떡,2900,NULL
c209,과자류,스낵/비스켓,삼립)몽블랑밤카스테라,2800,-50%
c210,과자류,스낵/비스켓,삼립)몽블랑밤크림케익,3500,NULL
c211,과자류,스낵/비스켓,삼립)23김치호빵3입,4800,2+1
c212,과자류,스낵/비스켓,삼립)미니니고추잡채호빵,2000,-50%
c213,과자류,스낵/비스켓,삼립)합격기원3색찹쌀떡,9900,NULL
c214,과자류,스낵/비스켓,삼립)23김치호빵,1600,-30%
c215,과자류,스낵/비스켓,참조은)케로로감자호빵,2200,NULL
c216,과자류,스낵/비스켓,삼립)23고기호빵3입,4500,-30%
c217,과자류,스낵/비스켓,삼립)치즈촤르륵호빵,2200,2+1
c218,과자류,스낵/비스켓,삼립)미니니듀얼데니쉬,2000,2+1
c219,과자류,스낵/비스켓,삼립)23고기호빵,1500,2+1
c220,과자류,스낵/비스켓,짱구)초코빅마카롱,2200,-30%
c221,과자류,스낵/비스켓,고대)크림파이화이트베리,3200,-50%
c222,과자류,스낵/비스켓,삼립)포켓몬밀크초코슈,2000,-70%
c223,과자류,스낵/비스켓,롯데)느린마을팥크림빵,3000,NULL
c224,과자류,스낵/비스켓,롯데)느린마을쌀슈크림빵,3000,1+1
c225,과자류,스낵/비스켓,참조은)케로로단호박호빵,2200,2+1
c226,과자류,스낵/비스켓,이웃집)황치즈크룽지,1800,-50%
c227,과자류,스낵/비스켓,이웃집)말차약과쿠키,2700,NULL
c228,과자류,스낵/비스켓,삼립)미니니부들부들샌드,2000,1+1
c229,과자류,스낵/비스켓,삼립)미니니땅콩미니샌드,2400,1+1
c230,과자류,스낵/비스켓,삼립)23피자호빵,1500,NULL
c231,과자류,스낵/비스켓,삼립)23야채호빵,1500,1+1
c232,과자류,스낵/비스켓,405)크럼블딸기잼쿠키,2200,2+1
c233,과자류,스낵/비스켓,405)쿠키칩스더블쿠키,2200,-30%
c234,과자류,스낵/비스켓,405)솔티드월넛쿠키,2200,2+1
c235,과자류,스낵/비스켓,짱구)폭신미니우유슈3입,2700,NULL
c236,과자류,스낵/비스켓,짱구)쿠키크림빅마카롱,2200,1+1
c237,과자류,스낵/비스켓,연세)황치즈생크림빵,3300,2+1
c238,과자류,스낵/비스켓,삼립)포켓몬크리미팥호빵,2000,-30%
c239,과자류,스낵/비스켓,삼립)포켓몬우유호빵,2000,-30%
c240,과자류,스낵/비스켓,삼립)미니니황치즈호빵,2000,1+1
d1,아이스크림,아이스크림,라벨리)생초코바,2500,-30%
d2,아이스크림,아이스크림,프레시)서울우유밀꾸즈,2900,-30%
d3,아이스크림,아이스크림,라라스윗)바닐라초코바,3300,-30%
d4,아이스크림,아이스크림,라라스윗)초콜릿초코바,3300,-50%
d5,아이스크림,아이스크림,서주)미니니녹차우유샌드,2500,2+1
d6,아이스크림,아이스크림,해태)커피마루샌드,2200,NULL
d7,아이스크림,아이스크림,서주)미니니초코모나카,2500,-30%
d8,아이스크림,아이스크림,동그린)망고코코넛포멜로,14900,-30%
d9,아이스크림,아이스크림,빙그레)끌레솔티바닐파인,14900,2+1
d10,아이스크림,아이스크림,빙그레)끌레밀크티파인트,14900,2+1
d11,아이스크림,아이스크림,초코)초코비파인트,12400,NULL
d12,아이스크림,아이스크림,서주)딸기치즈케이크도넛,2000,1+1
d13,아이스크림,아이스크림,라라스윗)쌀모나카,3300,NULL
d14,아이스크림,아이스크림,빙그레)빵또아초코쿠앤크,2200,1+1
d15,아이스크림,아이스크림,빙그레)슈크림붕어싸만코,2200,-50%
d16,아이스크림,아이스크림,해태)부라보콘피스타치오,2200,-50%
d17,아이스크림,아이스크림,하겐)체스트넛미니컵,5900,2+1
d18,아이스크림,아이스크림,하겐)피스타치오미니컵,5900,NULL
d19,아이스크림,아이스크림,하겐)체스트넛파인트,15900,1+1
d20,아이스크림,아이스크림,하겐)피스타치오파인트,15900,1+1
d21,아이스크림,아이스크림,서주)1000샌드밀크,1000,1+1
d22,아이스크림,아이스크림,빙그레)슈퍼콘초코바나나,2200,-30%
d23,아이스크림,아이스크림,빙그레)끌레끼리치즈멀티,14900,1+1
d24,아이스크림,아이스크림,제스)덴마크초코초코콘,2500,NULL
d25,아이스크림,아이스크림,삼우)1000모나카초코,1000,1+1
d26,아이스크림,아이스크림,빙그레)비비빅흑임자,1800,2+1
d27,아이스크림,아이스크림,에스카)프로틴스쿱초코,3900,NULL
d28,아이스크림,아이스크림,에스카)프로틴스쿱밀크,3900,-70%
d29,아이스크림,아이스크림,동그린)혀땳은앙꼬바,1800,NULL
d30,아이스크림,아이스크림,프레시)서울우유밀크바,1800,-30%
d31,아이스크림,아이스크림,빙그레)초코붕어싸만코,2200,-30%
d32,아이스크림,아이스크림,삼우)1000콘초코바닐라,1000,1+1
d33,아이스크림,아이스크림,나뚜루)넛츠크림커피파인,14900,NULL
d34,아이스크림,아이스크림,나뚜루)넛츠크림커피컵,4800,-50%
d35,아이스크림,아이스크림,나뚜루)넛츠크림커피바,4800,NULL
d36,아이스크림,아이스크림,빙그레)엔초바,2200,2+1
d37,아이스크림,아이스크림,나뚜루)치즈라즈베리파인,14900,NULL
d38,아이스크림,아이스크림,서주)비타500아이스쿨,3000,-70%
d39,아이스크림,아이스크림,서주)비타500아이스튜브,1800,NULL
d40,아이스크림,아이스크림,라라스윗)생우유파인트,8900,NULL
d41,아이스크림,아이스크림,라벨리)더블팅,1800,-50%
d42,아이스크림,아이스크림,IEK)그루비초콜릿바,3900,-30%
d43,아이스크림,아이스크림,IEK)그루비카라멜아몬드바,3900,NULL
d44,아이스크림,아이스크림,라라스윗)팥모나카,3300,2+1
d45,아이스크림,아이스크림,엠즈)폴바셋카라멜파인트,13900,2+1
d46,아이스크림,아이스크림,제스)모구모구리치요거바,2200,2+1
d47,아이스크림,아이스크림,빙그레)요맘때딸기홈,9800,-30%
d48,아이스크림,아이스크림,라벨리)청도홍시빙수,3500,1+1
d49,아이스크림,아이스크림,빙그레)메로나망고,1500,-50%
d50,아이스크림,아이스크림,해태)폴라포매실,1800,-50%
d51,아이스크림,아이스크림,해태)레모나아이스,2200,-50%
d52,아이스크림,아이스크림,삼우)서울앵무새모나카,2500,NULL
d53,아이스크림,아이스크림,라라스윗)초콜릿빵샌드,3300,NULL
d54,아이스크림,아이스크림,라라스윗)생우유빵샌드,3300,2+1
d55,아이스크림,아이스크림,롯데)제로밀크소프트콘,2500,2+1
d56,아이스크림,아이스크림,롯데)제로밀크모나카,2500,2+1
d57,아이스크림,아이스크림,삼우)1000콘초코,1000,NULL
d58,아이스크림,아이스크림,삼우)1000콘바닐라,1000,2+1
d59,아이스크림,아이스크림,서주)나바나나,400,-70%
d60,아이스크림,아이스크림,해태)우유마루홈,7600,-50%
d61,아이스크림,아이스크림,서주)레어케이크,2500,-70%
d62,아이스크림,아이스크림,빙그레)따옴바포도,2000,-70%
d63,아이스크림,아이스크림,빙그레)따옴바파인애플,2000,NULL
d64,아이스크림,아이스크림,해태)빅치즈마루홈,9800,2+1
d65,아이스크림,아이스크림,밥스누)약콩크런치초코바,2500,NULL
d66,아이스크림,아이스크림,동학)빅구슬밀크카라멜,1800,2+1
d67,아이스크림,아이스크림,라벨리)이정도는약과지바,1800,NULL
d68,아이스크림,아이스크림,해태)쌍쌍바메로나,1500,1+1
d69,아이스크림,아이스크림,서주)소금바닐라샌드,2500,NULL
d70,아이스크림,아이스크림,해태)레모나바,1800,-30%
d71,아이스크림,아이스크림,빙그레)비비빅바밤바,1500,1+1
d72,아이스크림,아이스크림,삼우)밀탑팥엔밀크바,1500,NULL
d73,아이스크림,아이스크림,서주)피치리치바,1500,-50%
d74,아이스크림,아이스크림,빙그레)쿠앤크카라멜바,1500,1+1
d75,아이스크림,아이스크림,빙그레)그라시아카라멜홈,9800,2+1
d76,아이스크림,아이스크림,하겐)딸기마카롱바,5900,1+1
d77,아이스크림,아이스크림,하겐)딸기마카롱미니컵,5900,1+1
d78,아이스크림,아이스크림,하겐)초코마카롱미니컵,5900,NULL
d79,아이스크림,아이스크림,하겐)딸기마카롱파인트,15900,NULL
d80,아이스크림,아이스크림,하겐)초코마카롱파인트,15900,NULL
e1,식품,식재료,팜스)해장라면간편채소50,1000,-30%
e2,식품,식재료,팜스)얼큰라면간편채소50,1000,NULL
e3,식품,식재료,HEYROO찐만두득템고기180g,1900,-30%
e4,식품,식재료,자이언트)마라라볶이컵,3900,2+1
e5,식품,식재료,은하)숙성우럭회,13900,NULL
e6,식품,식재료,태경)야땡매운양념소곱창,8900,NULL
e7,식품,식재료,태경)야땡마늘양념특양,8900,-30%
e8,식품,식재료,해성)설향딸기500g,15900,-30%
e9,식품,식재료,해성)타이벡감귤1.5kg,9900,2+1
e10,식품,식재료,편키트랩)신림동백순대,8900,NULL
e11,식품,식재료,한울)참맛치킨무230g,900,-30%
e12,식품,식재료,한울)참맛오이피클80g,900,NULL
e13,식품,식재료,선해)피쉬팝칠리맛35g,3600,NULL
e14,식품,식재료,조인)탱글란2구,2400,NULL
e15,식품,식재료,CJ)육공육등심슬라이스90g,6900,2+1
e16,식품,식재료,CJ)육공육이탈리안80g,6900,NULL
e17,식품,식재료,풀무원)생물만두250g*3,10000,2+1
e18,식품,식재료,신세계)호만두마라교자210,4400,NULL
e19,식품,식재료,신세계)호만두명란교자210,4400,1+1
e20,식품,식재료,신세계)호만두짬뽕교자210,4400,2+1
e21,식품,식재료,자이언트)마라떡볶이컵,3600,NULL
e22,식품,식재료,짱구)고기듬뿍차슈덮밥,6900,NULL
e23,식품,식재료,편키트랩)마라누들떡볶이,8900,-70%
e24,식품,식재료,해성)블랙스윗토마토450g,8500,NULL
e25,식품,식재료,티엠)정꼬꼬핫칠리30g,4300,2+1
e26,식품,식재료,티엠)정꼬꼬사워크림30g,4300,NULL
e27,식품,식재료,구스)스파이시BBQ롱소시지,2500,NULL
e28,식품,식재료,KKMC)제주골드키위4입,6400,NULL
e29,식품,식재료,CJ)백설카파오무쌉소스,4900,-30%
e30,식품,식재료,CJ)백설치킨마크니커리,4900,-30%
e31,식품,식재료,CJ)육공육잠봉슬라이스80g,6900,2+1
e32,식품,식재료,CJ)육공육허브후랑크360g,9900,NULL
e33,식품,식재료,CJ)스팸닭가슴살200g,6200,-50%
e34,식품,식재료,머거본)푸린딸기아몬드,5900,-30%
e35,식품,식재료,머거본)피카츄허니버터,5900,NULL
e36,식품,식재료,한일)매운김치우동,3500,NULL
e37,식품,식재료,구스)블랙페퍼버팔로스틱,8900,1+1
e38,식품,식재료,삼립)하이면고추우동2인,8000,1+1
e39,식품,식재료,삼립)하이면감태칼국수2인,8000,NULL
e40,식품,식재료,사조)꼬꼬봉크림치즈30g,1600,-30%
e41,식품,식재료,오뚜기)토마토소스,6500,NULL
e42,식품,식재료,사조)해표꽃소금500g,1800,2+1
e43,식품,식재료,CJ)백설참기름330ml,11900,-30%
e44,식품,식재료,매일)더블업체다10매입,7500,NULL
e45,식품,식재료,짱구)속풀리는김치칼국수,5500,2+1
e46,식품,식재료,산리오)시나모롤마라납당,4800,NULL
e47,식품,식재료,산리오)쿠로미의짬뽕납당,4800,1+1
e48,식품,식재료,해성)완숙토마토3입,3600,-50%
e49,식품,식재료,싱싱상생)알뜰사과1kg,8900,-50%
e50,식품,식재료,하림)얼큰닭육수쌀라면,1900,NULL
e51,식품,식재료,하림)맑은닭육수쌀라면,1900,2+1
e52,식품,식재료,팔도한끼)경양식함박덮밥,6900,NULL
e53,식품,식재료,코주부)징기스칸육포30g,4400,-30%
e54,식품,식재료,정화)페스츄리오징어65g,5900,2+1
e55,식품,식재료,한일)가쓰오우동곱빼기,3700,2+1
e56,식품,식재료,한일)유부듬뿍해물칼국수,3700,2+1
e57,식품,식재료,오뚜기)열튀김우동컵,2000,NULL
e58,식품,식재료,오뚜기)얼큰순대국밥,8500,2+1
e59,식품,식재료,오뚜기)얼큰돼지국밥,8500,NULL
e60,식품,식재료,동서)모카골드믹스200T,29800,NULL
e61,식품,식재료,미트뱅크)간장맛닭갈비350,6000,-50%
e62,식품,식재료,신화)잘구운아귀포70g,6500,NULL
e63,식품,식재료,해성)맛있는단감5입(봉),5500,-30%
e64,식품,식재료,하림)푸디버디소고기뭇국,4400,2+1
e65,식품,식재료,하림)푸디버디미역국,4400,1+1
e66,식품,식재료,씨엔)제주감귤1kg,5200,NULL
e67,식품,식재료,팔도한끼)간장족발덮밥,6500,2+1
e68,식품,식재료,호가든)크림후실리파스타,4300,-50%
e69,식품,식재료,호가든)로제후실리파스타,4300,-30%
e70,식품,식재료,구스)블랙페퍼킬바사200g,6200,1+1
e71,식품,식재료,HEYROO김득템20봉,4750,NULL
e72,식품,식재료,CJ)닭가슴살순살케이준100,4500,NULL
e73,식품,식재료,풀무원)생청국장190g,3600,1+1
e74,식품,식재료,동원)맛참고소맛135g*4입,12900,2+1
e75,식품,식재료,동원)고추참치135g*4입,12900,NULL
e76,식품,식재료,동원)살코기참치135g*4입,12900,NULL
e77,식품,식재료,편키트랩)코울슬로드레싱,700,2+1
e78,식품,식재료,편키트랩)고소참깨드레싱,700,NULL
e79,식품,식재료,편키트랩)치폴레드레싱,700,-50%
e80,식품,식재료,대상)종가맛김치900g,13000,-30%
e81,식품,가공식품,HEYROO찐만두득템고기180g,1900,2+1
e82,식품,가공식품,자이언트)마라라볶이컵,3900,NULL
e83,식품,가공식품,태경)야땡매운양념소곱창,8900,-50%
e84,식품,가공식품,태경)야땡마늘양념특양,8900,NULL
e85,식품,가공식품,편키트랩)신림동백순대,8900,NULL
e86,식품,가공식품,풀무원)생물만두250g*3,10000,-50%
e87,식품,가공식품,신세계)호만두마라교자210,4400,NULL
e88,식품,가공식품,신세계)호만두명란교자210,4400,NULL
e89,식품,가공식품,신세계)호만두짬뽕교자210,4400,NULL
e90,식품,가공식품,자이언트)마라떡볶이컵,3600,-30%
e91,식품,가공식품,짱구)고기듬뿍차슈덮밥,6900,2+1
e92,식품,가공식품,편키트랩)마라누들떡볶이,8900,2+1
e93,식품,가공식품,CJ)백설카파오무쌉소스,4900,1+1
e94,식품,가공식품,CJ)백설치킨마크니커리,4900,2+1
e95,식품,가공식품,한일)매운김치우동,3500,NULL
e96,식품,가공식품,삼립)하이면고추우동2인,8000,NULL
e97,식품,가공식품,삼립)하이면감태칼국수2인,8000,-30%
e98,식품,가공식품,짱구)속풀리는김치칼국수,5500,NULL
e99,식품,가공식품,산리오)시나모롤마라납당,4800,-30%
e100,식품,가공식품,산리오)쿠로미의짬뽕납당,4800,1+1
e101,식품,가공식품,하림)얼큰닭육수쌀라면,1900,2+1
e102,식품,가공식품,하림)맑은닭육수쌀라면,1900,NULL
e103,식품,가공식품,팔도한끼)경양식함박덮밥,6900,2+1
e104,식품,가공식품,한일)가쓰오우동곱빼기,3700,-30%
e105,식품,가공식품,한일)유부듬뿍해물칼국수,3700,2+1
e106,식품,가공식품,오뚜기)열튀김우동컵,2000,NULL
e107,식품,가공식품,오뚜기)얼큰순대국밥,8500,2+1
e108,식품,가공식품,오뚜기)얼큰돼지국밥,8500,-30%
e109,식품,가공식품,하림)푸디버디소고기뭇국,4400,2+1
e110,식품,가공식품,하림)푸디버디미역국,4400,2+1
e111,식품,가공식품,팔도한끼)간장족발덮밥,6500,2+1
e112,식품,가공식품,호가든)크림후실리파스타,4300,2+1
e113,식품,가공식품,호가든)로제후실리파스타,4300,-50%
e114,식품,가공식품,사세)버팔로갈비윙봉220g,6900,-70%
e115,식품,가공식품,마이)부산식비빔당면,5500,NULL
e116,식품,가공식품,HEYROO라면득템,480,-70%
e117,식품,가공식품,하림)더미식새우교자315g,7000,NULL
e118,식품,가공식품,하림)더미식김치교자350g,6000,2+1
e119,식품,가공식품,하림)더미식고기교자350g,6000,NULL
e120,식품,가공식품,부일)새우소금구이(냉동),6500,NULL
e121,식품,가공식품,CJ)비비고해물완자340g,7900,NULL
e122,식품,가공식품,CJ)비비고한입떡갈비320g,7900,NULL
e123,식품,가공식품,CJ)비비고동그랑땡340g,7900,NULL
e124,식품,가공식품,하림)푸디버디하양라면80g,2400,NULL
e125,식품,가공식품,하림)푸디버디빨강라면84g,2400,NULL
e126,식품,가공식품,팔도)틈새라면고기짬뽕컵,1900,NULL
e127,식품,가공식품,CJ)소고기듬뿍미역국,9900,-50%
e128,식품,가공식품,CJ)소고기듬뿍육개장,9900,2+1
e129,식품,가공식품,CJ)소고기듬뿍설렁탕,9900,2+1
e130,식품,가공식품,풀무원)모찌버터우동2인,8000,1+1
e131,식품,가공식품,CJ)하이디라오용기면,3200,-30%
e132,식품,가공식품,팔도)마늘간장닭강정250g,5900,-30%
e133,식품,가공식품,팔도)매콤달콤닭강정250g,5900,NULL
e134,식품,가공식품,해태)열불날만두하지300g,5300,1+1
e135,식품,가공식품,짱구)짱구키리모찌떡구이,4900,1+1
e136,식품,가공식품,태경)야땡마늘양념소곱창,8900,-30%
e137,식품,가공식품,태경)야땡매운양념특양,8900,NULL
e138,식품,가공식품,칠갑)생감자수제비컵,3900,NULL
e139,식품,가공식품,한일)토마토라멘컵,3900,1+1
e140,식품,가공식품,한일)얼큰튀김우동,3800,2+1
e141,식품,가공식품,농심)순하군안성탕면봉지,900,-30%
e142,식품,가공식품,웰팜)냉동채소블랜드500g,5900,2+1
e143,식품,가공식품,짱구)눈물나게매운우동,5500,NULL
e144,식품,가공식품,MDS)탄탄면큰컵,2700,2+1
e145,식품,가공식품,삼양)맵탱청양대파라면컵,1800,2+1
e146,식품,가공식품,삼양)맵탱마늘조개라면컵,1800,NULL
e147,식품,가공식품,삼양)맵탱흑후추소고기컵,1800,2+1
e148,식품,가공식품,오뚜기)슈크림붕어빵480g,12000,NULL
e149,식품,가공식품,오뚜기)팥붕어빵480g,12000,-30%
e150,식품,가공식품,푸드)호로록들깨수제비,3600,1+1
e151,식품,가공식품,푸드)호로록김치수제비,3600,1+1
e152,식품,가공식품,푸드)호로록해물수제비,3600,-50%
e153,식품,가공식품,귀멸)얼큰돈코츠라멘,5500,1+1
e154,식품,가공식품,미정당)육개장칼국수,3800,NULL
e155,식품,가공식품,오뚜기)컵누들마라탕소컵,1800,NULL
e156,식품,가공식품,천일)명란크림파스타,4500,1+1
e157,식품,가공식품,CJ)고메미니치즈너겟400g,10900,NULL
e158,식품,가공식품,푸드)매콤닭갈비볶음밥,4300,1+1
e159,식품,가공식품,CJ)바지락시원파스타2인,9800,-30%
e160,식품,가공식품,CJ)토마토매콤파스타2인,9800,2+1
e161,식품,안주류,은하)숙성우럭회,13900,NULL
e162,식품,안주류,선해)피쉬팝칠리맛35g,3600,-50%
e163,식품,안주류,조인)탱글란2구,2400,2+1
e164,식품,안주류,CJ)육공육등심슬라이스90g,6900,NULL
e165,식품,안주류,CJ)육공육이탈리안80g,6900,-30%
e166,식품,안주류,티엠)정꼬꼬핫칠리30g,4300,2+1
e167,식품,안주류,티엠)정꼬꼬사워크림30g,4300,NULL
e168,식품,안주류,구스)스파이시BBQ롱소시지,2500,-30%
e169,식품,안주류,CJ)육공육잠봉슬라이스80g,6900,NULL
e170,식품,안주류,CJ)육공육허브후랑크360g,9900,NULL
e171,식품,안주류,머거본)푸린딸기아몬드,5900,NULL
e172,식품,안주류,머거본)피카츄허니버터,5900,NULL
e173,식품,안주류,구스)블랙페퍼버팔로스틱,8900,-50%
e174,식품,안주류,사조)꼬꼬봉크림치즈30g,1600,1+1
e175,식품,안주류,코주부)징기스칸육포30g,4400,2+1
e176,식품,안주류,정화)페스츄리오징어65g,5900,NULL
e177,식품,안주류,신화)잘구운아귀포70g,6500,-30%
e178,식품,안주류,구스)블랙페퍼킬바사200g,6200,NULL
e179,식품,안주류,CJ)닭가슴살순살케이준100,4500,-50%
e180,식품,안주류,팔도한끼)어묵탕매콤족발,9900,-30%
e181,식품,안주류,HEYROO김부각득템,2500,2+1
e182,식품,안주류,알약)구운알2입,2200,NULL
e183,식품,안주류,알약)반숙알2입,2200,2+1
e184,식품,안주류,롯데)에센뽀득핫바70g,2400,2+1
e185,식품,안주류,푸드)KUNNA건망고75g,3900,NULL
e186,식품,안주류,CJ)더건강한그릴후랑크70G,2500,NULL
e187,식품,안주류,원피스)원피스맥스봉3입,3000,2+1
e188,식품,안주류,팜스코)매콤미니족껍데기,8900,-30%
e189,식품,안주류,썬푸드)오잉츄40g,5000,-30%
e190,식품,안주류,HEYROO맛밤득템,2500,NULL
e191,식품,안주류,팔도한끼)어묵탕직화닭발,9900,-30%
e192,식품,안주류,팔도한끼)고구마김피탕,7900,1+1
e193,식품,안주류,펍아트)단짠큐브족발,4900,NULL
e194,식품,안주류,펍아트)매콤큐브족발,4900,-50%
e195,식품,안주류,롯데)의성매콤땡초바65g,2400,-30%
e196,식품,안주류,샘표)대구껍질사워크림30g,4800,NULL
e197,식품,안주류,샘표)대구껍질와사비30g,4800,NULL
e198,식품,안주류,펍아트)한입가득부대범벅,4900,NULL
e199,식품,안주류,펍아트)한입가득순대범벅,4900,NULL
e200,식품,안주류,진주햄)더블링콰트로25g,1300,2+1
e201,식품,안주류,바프)피쉬스낵딥치즈35g,4500,-50%
e202,식품,안주류,바프)피쉬스낵와사비마요,4500,-50%
e203,식품,안주류,바프)피쉬스낵구운양파35g,4500,2+1
e204,식품,안주류,푸르샨)매콤고추장삼겹살,8500,2+1
e205,식품,안주류,롯데)의성자이언트콘치즈,3300,-30%
e206,식품,안주류,삼립)닭가슴살바페퍼80g,2900,-50%
e207,식품,안주류,삼립)육즙부어스트275g*2,9900,NULL
e208,식품,안주류,선해)피쉬팝허니버터35g,3600,1+1
e209,식품,안주류,선해)피쉬팝오리지널35g,3600,NULL
e210,식품,안주류,경진)꾸이맨매콤30g,2500,2+1
e211,식품,안주류,더본)마늘겨자훈제삼겹,7900,-50%
e212,식품,안주류,한성)몬스터후랑크페퍼,2500,NULL
e213,식품,안주류,팔도한끼)어묵탕순대볶음,7900,-50%
e214,식품,안주류,삼립)안달루즈부어스트70g,2500,NULL
e215,식품,안주류,BHC)뿌링란2입,2400,-30%
e216,식품,안주류,팔도한끼)어묵탕제육볶음,7900,2+1
e217,식품,안주류,대상)안주야치즈촘촘육포,3900,-50%
e218,식품,안주류,미션)구운코코넛칩50g,2200,-30%
e219,식품,안주류,미션)구운코코넛칩초코50g,2200,2+1
e220,식품,안주류,팜덕)돼지코모양불족발,9900,1+1
e221,식품,안주류,만전)김스깡매운불맛50g,2700,2+1
e222,식품,안주류,CJ)맥스봉오리지널70g,2600,NULL
e223,식품,안주류,삼립)오리진부어스트70g,2500,-30%
e224,식품,안주류,사조)치즈인더감자후랑크,2200,1+1
e225,식품,안주류,팔도한끼)대구직화오돌뼈,6900,2+1
e226,식품,안주류,HEYROO닭가슴살득템,1900,2+1
e227,식품,안주류,조인)탱글란1구,1200,NULL
e228,식품,안주류,제니코)살라미스틱28g,2400,NULL
e229,식품,안주류,아라움)후라이드김트러플,4900,-50%
e230,식품,안주류,아라움)후라이드김참깨35g,4900,NULL
e231,식품,안주류,아라움)후라이드김35g,4900,1+1
e232,식품,안주류,대표)오징어튀김와사비270,19800,-50%
e233,식품,안주류,대표)오징어튀김270g,19800,-30%
e234,식품,안주류,머거본)꾸이포대1kg,24500,NULL
e235,식품,안주류,HEYROO핫바득템마늘간장,2500,2+1
e236,식품,안주류,CJ)비비고칩포테이토40g,3900,-30%
e237,식품,안주류,풀무원)단백바촉촉계란바,3300,-30%
e238,식품,안주류,해드림)신림동백순대볶음,6900,NULL
e239,식품,안주류,영찬)한입에치즈쏙육포35g,4000,NULL
e240,식품,안주류,영찬)먹기좋은통육포35g,4200,2+1
f1,음료,유제품,올리)눈오리얼음,1600,1+1
f2,음료,유제품,바이오)꿀레몬생강230ml,1500,NULL
f3,음료,유제품,바이오)꿀유자230ml,1500,2+1
f4,음료,유제품,연세)넛유7넛츠190ml,2200,NULL
f5,음료,유제품,연세)넛유아몬드190ml,2200,-50%
f6,음료,유제품,헤지스)아이코닉워터오렌,2500,2+1
f7,음료,유제품,헤지스)아이코닉워터핑크,2500,-50%
f8,음료,유제품,헤지스)아이코닉워터블루,2500,2+1
f9,음료,유제품,영찬)6년근홍삼진액팩95ml,1500,2+1
f10,음료,유제품,헤지스)트위드카페라떼,2500,NULL
f11,음료,유제품,헤지스)트위드아메리카노,2500,-30%
f12,음료,유제품,짱구)액션가면프로틴바나,3000,2+1
f13,음료,유제품,풀무원)브리지톡토닉P350,2000,-30%
f14,음료,유제품,풀무원)브리지톡진저P350,2000,2+1
f15,음료,유제품,빙그레)오프룻복숭아컵,2400,NULL
f16,음료,유제품,빙그레)오프룻딸기컵,2400,1+1
f17,음료,유제품,동원)쿨피스파인450ml,1000,2+1
f18,음료,유제품,동원)소화잘되는우유900ml,3280,NULL
f19,음료,유제품,롯데)더진한레드125ml,1500,2+1
f20,음료,유제품,요즘)그릭요구르트맛,4500,1+1
f21,음료,유제품,요즘)그릭플레인,4200,1+1
f22,음료,유제품,HEYROO납작복숭아꿀물280,1800,2+1
f23,음료,유제품,HEYROO아카시아꿀물병280,1800,2+1
f24,음료,유제품,빙그레)고구마맛우유240ml,1800,-30%
f25,음료,유제품,롯데)클라우드논알콜캔355,2000,NULL
f26,음료,유제품,남양)플로라랩130ml,2500,NULL
f27,음료,유제품,올라)스포츠프로틴오리지,2900,-30%
f28,음료,유제품,동화)배러라이트120g,3500,NULL
f29,음료,유제품,동화)배러화이트120g,3500,-30%
f30,음료,유제품,스벅)바닐라라떼320ml,3000,1+1
f31,음료,유제품,스벅)바닐라라떼컵200ml,2100,1+1
f32,음료,유제품,웅진)티즐애플시나몬P280,1750,1+1
f33,음료,유제품,동아)나랑드콤부차캔245ml,1600,-50%
f34,음료,유제품,남양)초코에몽프로틴190ml,1400,2+1
f35,음료,유제품,롯데)와일드바디라떼230ml,1800,-30%
f36,음료,유제품,롯데)초코퍼지라떼230ml,1800,2+1
f37,음료,유제품,롯데)허니레몬배P280ml,1900,-30%
f38,음료,유제품,웅진)하늘보리캔340ml,1500,-50%
f39,음료,유제품,서울)마이픽플레인쿠키링,2200,-70%
f40,음료,유제품,남양)테이크핏호박고구마,2900,2+1
f41,음료,음료,올리)눈오리얼음,1600,-70%
f42,음료,음료,헤지스)아이코닉워터오렌,2500,-30%
f43,음료,음료,헤지스)아이코닉워터핑크,2500,-70%
f44,음료,음료,헤지스)아이코닉워터블루,2500,1+1
f45,음료,음료,영찬)6년근홍삼진액팩95ml,1500,NULL
f46,음료,음료,헤지스)트위드카페라떼,2500,2+1
f47,음료,음료,헤지스)트위드아메리카노,2500,-30%
f48,음료,음료,풀무원)브리지톡토닉P350,2000,-30%
f49,음료,음료,풀무원)브리지톡진저P350,2000,NULL
f50,음료,음료,빙그레)오프룻복숭아컵,2400,2+1
f51,음료,음료,빙그레)오프룻딸기컵,2400,NULL
f52,음료,음료,동원)쿨피스파인450ml,1000,NULL
f53,음료,음료,롯데)더진한레드125ml,1500,1+1
f54,음료,음료,HEYROO납작복숭아꿀물280,1800,2+1
f55,음료,음료,HEYROO아카시아꿀물병280,1800,NULL
f56,음료,음료,롯데)클라우드논알콜캔355,2000,NULL
f57,음료,음료,동화)배러라이트120g,3500,-50%
f58,음료,음료,동화)배러화이트120g,3500,-30%
f59,음료,음료,스벅)바닐라라떼320ml,3000,2+1
f60,음료,음료,스벅)바닐라라떼컵200ml,2100,NULL
f61,음료,음료,웅진)티즐애플시나몬P280,1750,-30%
f62,음료,음료,동아)나랑드콤부차캔245ml,1600,2+1
f63,음료,음료,롯데)허니레몬배P280ml,1900,-30%
f64,음료,음료,웅진)하늘보리캔340ml,1500,NULL
f65,음료,음료,CJ)토비콤아이타민캔250ml,1500,NULL
f66,음료,음료,짱구)짱달달커피900ml,3000,-30%
f67,음료,음료,청정)몽베스트P500ml,1100,1+1
f68,음료,음료,하이트)진로토닉피치300ml,1600,-70%
f69,음료,음료,OKF)실키멜론소다P500ml,2200,2+1
f70,음료,음료,할리스)카페라떼300ml,2900,2+1
f71,음료,음료,할리스)바닐라딜라이트,2900,-50%
f72,음료,음료,짱구)짱달달커피280ml,1600,-30%
f73,음료,음료,동아)나랑드콤부차P400ml,2500,NULL
f74,음료,음료,매일)셀렉스콜라겐5000,2500,2+1
f75,음료,음료,오비)호가든로제논알콜330,2000,NULL
f76,음료,음료,BR)피치요거트워터P500,2500,2+1
f77,음료,음료,BR)레인보우샤베트워터500,2500,1+1
f78,음료,음료,CJ)한뿌리아르기닌병100ml,5000,-30%
f79,음료,음료,마스터)헤이즐넛블랙500ml,2600,-70%
f80,음료,음료,서영)모닝이즈백병100ml,5000,2+1
f81,음료,음료,매일)썬업사과750ml,4900,NULL
f82,음료,음료,동원)복숭아제로아이스900,3600,1+1
f83,음료,음료,스벅)셀렉트바닐라라떼300,2800,2+1
f84,음료,음료,스벅)셀렉트카페라떼300ml,2800,-50%
f85,음료,음료,롯데)핫식스더킹피치캔355,2200,NULL
f86,음료,음료,셀시어스)피치바이브캔325,2800,-50%
f87,음료,음료,풀무원)스위트샤인머스켓,1500,-70%
f88,음료,음료,풀무원)스위트플럼주스,1500,2+1
f89,음료,음료,롯데)더시원아이시스2L6입,3600,NULL
f90,음료,음료,티오피)스모키라떼캔200ml,1200,-50%
f91,음료,음료,모구)머스켓젤리P320ml,1700,-50%
f92,음료,음료,올리)곰돌이얼음,1500,2+1
f93,음료,음료,동원)얼라이브망고P500ml,2500,NULL
f94,음료,음료,동원)얼라이브자몽P500ml,2500,1+1
f95,음료,음료,닥터유)단백질바나나팩250,2900,2+1
f96,음료,음료,비어)칭따오논알콜레몬330,2200,-30%
f97,음료,음료,셀시어스)라즈베리캔325ml,2800,-30%
f98,음료,음료,팔도)코코뿌요망고P280ml,1700,-30%
f99,음료,음료,팔도)코코뿌요복숭아P280,1700,NULL
f100,음료,음료,코카)코카제로레몬P500ml,2300,NULL
f101,음료,음료,코카)코카콜라제로제로250,1700,2+1
f102,음료,음료,롯데)핫식스제로캔250ml,1500,NULL
f103,음료,음료,동원)쿨피스톡제로파인350,2000,NULL
f104,음료,음료,동원)쿨피스톡제로피치350,2000,NULL
f105,음료,음료,던킨)배제로탄산캔350,1900,1+1
f106,음료,음료,던킨)자두제로탄산캔350,1900,2+1
f107,음료,음료,HEYROO그린머스켓제로P350,1300,2+1
f108,음료,음료,빙그레)앵무새바닐라라떼,2700,-30%
f109,음료,음료,빙그레)앵무새크림라떼,2700,-30%
f110,음료,음료,롯데)칠성사이다블루P500,2200,NULL
f111,음료,음료,영찬)파이어진에너지캔250,1500,-50%
f112,음료,음료,랩노쉬)프로틴딸기P350,3200,NULL
f113,음료,음료,HEYROO핑크피치제로P350,1300,2+1
f114,음료,음료,HEYROO블루레몬제로P350,1300,NULL
f115,음료,음료,농심)오이오차녹차P500,2200,-30%
f116,음료,음료,이마트)비상대책드링크100,4000,NULL
f117,음료,음료,엠즈)폴바셋스윗라떼330ml,3400,2+1
f118,음료,음료,동화)비타천플러스병120ml,1200,-30%
f119,음료,음료,웅진)빅토리아파인P500ml,1800,NULL
f120,음료,음료,웅진)빅토리아청포P500ml,1800,2+1
f121,음료,아이스드링크,바이오)꿀레몬생강230ml,1500,NULL
f122,음료,아이스드링크,바이오)꿀유자230ml,1500,2+1
f123,음료,아이스드링크,롯데)와일드바디라떼230ml,1800,2+1
f124,음료,아이스드링크,롯데)초코퍼지라떼230ml,1800,1+1
f125,음료,아이스드링크,동원)비비드제로자몽에이,1300,-30%
f126,음료,아이스드링크,동원)비비드제로샤인머스,1300,1+1
f127,음료,아이스드링크,동원)비비드저당초코라떼,1800,-30%
f128,음료,아이스드링크,동원)비비드저당바닐라떼,1800,2+1
f129,음료,아이스드링크,우양)쿠로미베리에이드,1700,-50%
f130,음료,아이스드링크,우양)폼폼푸린망고에이드,1700,NULL
f131,음료,아이스드링크,우양)시나모롤배에이드,1700,2+1
f132,음료,아이스드링크,엠즈)폴바셋스윗밀크티,2800,1+1
f133,음료,아이스드링크,엠즈)폴바셋바닐라라떼,2800,2+1
f134,음료,아이스드링크,동서)벚꽃캔디에이드230ml,1000,-70%
f135,음료,아이스드링크,23del)퍼플자두블랜디340,1300,2+1
f136,음료,아이스드링크,23del)레드자몽에이드340,1300,-30%
f137,음료,아이스드링크,23del)꿀배에이드340ml,1300,2+1
f138,음료,아이스드링크,23del)매실사과에이드340,1300,1+1
f139,음료,아이스드링크,23del)스테비아믹스커피,1200,-50%
f140,음료,아이스드링크,23del)라즈베리그린티340,1300,-50%
f141,음료,아이스드링크,23del)과테말라안티구아,1400,-30%
f142,음료,아이스드링크,23del)돌체라떼230ml,1500,2+1
f143,음료,아이스드링크,23del)카페라떼230ml,1500,NULL
f144,음료,아이스드링크,23del)캐러멜라떼230ml,1500,NULL
f145,음료,아이스드링크,23del)바닐라라떼230ml,1500,NULL
f146,음료,아이스드링크,롯데)칸타타블랙아메320ml,1700,-30%
f147,음료,아이스드링크,롯데)칸타타스윗아메320ml,1700,2+1
f148,음료,아이스드링크,23del)블랙아메리카노1L,3600,NULL
f149,음료,아이스드링크,23del)디카페인500ml,1900,2+1
f150,음료,아이스드링크,23del)제로자몽허니블500,1900,NULL
f151,음료,아이스드링크,23del)제로복숭아아이스1L,3600,-30%
f152,음료,아이스드링크,23del)헤이즐넛아메리카1L,3600,-30%
f153,음료,아이스드링크,23del)스위트아메리카노1L,3600,-30%
f154,음료,아이스드링크,23del)블랙아메리카노500,1900,-30%
f155,음료,아이스드링크,23del)제로헤이즐넛500ml,1900,NULL
f156,음료,아이스드링크,23del)제로핑크레몬500ml,1900,2+1
f157,음료,아이스드링크,23del)제로피치얼그레500,1900,2+1
f158,음료,아이스드링크,23del)스윗아메리카노500,1900,1+1
f159,음료,아이스드링크,del)봉지얼음180g,700,-70%
f160,음료,아이스드링크,del)빅봉지얼음230g,900,NULL
f161,음료,아이스드링크,23del)디카페인340ml,1400,NULL
f162,음료,아이스드링크,23del)더블샷스위트340ml,1400,1+1
f163,음료,아이스드링크,23del)블루레몬에이드340,1200,NULL
f164,음료,아이스드링크,23del)청포도에이드340ml,1200,NULL
f165,음료,아이스드링크,23del)복숭아아이스티340,1200,NULL
f166,음료,아이스드링크,23del)콜롬비아싱글오리진,1400,-50%
f167,음료,아이스드링크,23del)콜드브루340ml,1400,-30%
f168,음료,아이스드링크,23del)스윗아메리카노340,1200,2+1
f169,음료,아이스드링크,23del)헤이즐넛향340ml,1200,2+1
f170,음료,아이스드링크,23del)블랙아메리카노340,1200,NULL
f171,음료,아이스드링크,쟈뎅)시그니헤이즐넛320ml,1400,-50%
f172,음료,아이스드링크,쟈뎅)시그니처스위트320ml,1400,-30%
f173,음료,아이스드링크,롯데)스크류바에이드230ml,1400,NULL
f174,음료,아이스드링크,롯데)수박바에이드230ml,1400,-70%
f175,음료,아이스드링크,광동)비타500에이드230ml,1200,2+1
f176,음료,아이스드링크,남양)초코에몽에이드230ml,1200,-30%
f177,음료,아이스드링크,코카)조지아스윗아메230ml,1200,2+1
f178,음료,아이스드링크,롯데)칸타타바닐라아메230,1400,2+1
f179,음료,아이스드링크,롯데)칸타타카라멜마끼230,1400,NULL
f180,음료,아이스드링크,delaffe청포도아이스,1200,-50%
f181,음료,아이스드링크,조지아)블랙아이스230ml,1200,NULL
f182,음료,아이스드링크,del)벤티컵얼음400g,1300,NULL
f183,음료,아이스드링크,del)빅볼컵얼음160g,1300,1+1
f184,음료,아이스드링크,롯데)칸타타블랙아메리230,1400,1+1
f185,음료,아이스드링크,롯데)칸타타헤이즐넛230ml,1400,-70%
f186,음료,아이스드링크,롯데)칸타타스윗아메리230,1400,NULL
f187,음료,아이스드링크,del)빅컵얼음230g,900,2+1
f188,음료,아이스드링크,del)컵얼음180g,700,-30%
f189,음료,아이스드링크,칸타타)헤이즐넛냉원팩,1100,2+1
