ID,메인분류,서브분류,상품명,가격
a1,간편식사,샌드위치/햄버거,도)간장마늘고기구이,4900
a2,간편식사,샌드위치/햄버거,햄)마라스테이크버거,3500
a3,간편식사,샌드위치/햄버거,도)얼큰돈까스김치나베,6900
a4,간편식사,샌드위치/햄버거,도)모듬어묵탕,6900
a5,간편식사,샌드위치/햄버거,샌)망곰이의딸기샌드,3600
a6,간편식사,샌드위치/햄버거,주)3XL중화비빔삼각,1500
a7,간편식사,샌드위치/햄버거,샐)풀드포크샐러드,5900
a8,간편식사,샌드위치/햄버거,도)자이언트머스타드치킨,9900
a9,간편식사,샌드위치/햄버거,샐)눈꽃토마토샐러드,4800
a10,간편식사,샌드위치/햄버거,햄)그릴드치킨버거,3800
a11,간편식사,샌드위치/햄버거,샌)스윗스윗맛있구마,3400
a12,간편식사,샌드위치/햄버거,도)바삭오렌지치킨,6900
a13,간편식사,샌드위치/햄버거,샐)과카몰리부리또볼,5900
a14,간편식사,샌드위치/햄버거,샐)스노우볼바질샐러드,4800
a15,간편식사,샌드위치/햄버거,김)햄말이김치볶음참치,2000
a16,간편식사,샌드위치/햄버거,샌)로우쏭슬라이더,4200
a17,간편식사,샌드위치/햄버거,샌)페퍼로니에그토스트,3500
a18,간편식사,샌드위치/햄버거,면)바삭새우온소바,5600
a19,간편식사,샌드위치/햄버거,면)김치카츠나베우동,5600
a20,간편식사,샌드위치/햄버거,김)백종원뉴열탄제육김밥,3000
a21,간편식사,샌드위치/햄버거,햄)망곰이의꿀호떡버거,3400
a22,간편식사,샌드위치/햄버거,햄)국민새우버거,3500
a23,간편식사,샌드위치/햄버거,도)로스트닭가슴살덮밥,4700
a24,간편식사,샌드위치/햄버거,샐)로스트치킨버섯샐러드,5900
a25,간편식사,샌드위치/햄버거,김)멸추랑꼬마김밥,4500
a26,간편식사,샌드위치/햄버거,주)소금구이너비아니밥바,2300
a27,간편식사,샌드위치/햄버거,김)소금구이너비아니김밥,3000
a28,간편식사,샌드위치/햄버거,주)2XL간장바싹불고기,1600
a29,간편식사,샌드위치/햄버거,주)3XL뉴크랩참치마요,1700
a30,간편식사,샌드위치/햄버거,주)3XL뉴동원고추참치,1700
a31,간편식사,샌드위치/햄버거,김)백종원뉴비빔밥한줄,3000
a32,간편식사,샌드위치/햄버거,김)동원뉴고추참치김밥,3100
a33,간편식사,샌드위치/햄버거,김)고구마치즈돈까스김밥,3300
a34,간편식사,샌드위치/햄버거,도)치즈닭갈비고구마밥,5000
a35,간편식사,샌드위치/햄버거,샌)몽블랑크림샌드,3400
a36,간편식사,샌드위치/햄버거,샐)놀라운파스타샐러드,2300
a37,간편식사,샌드위치/햄버거,샐)놀라운계란샐러드,2500
a38,간편식사,샌드위치/햄버거,샐)놀라운치즈견과샐러드,2500
a39,간편식사,샌드위치/햄버거,샌)달콤맛있구마샌드,2800
a40,간편식사,샌드위치/햄버거,주)백종원뉴열탄불고기,1300
a41,간편식사,샌드위치/햄버거,도)백종원뉴바싹불고기,4700
a42,간편식사,샌드위치/햄버거,주)고추장멸치삼각,1300
a43,간편식사,샌드위치/햄버거,주)뉴김치제육,1400
a44,간편식사,샌드위치/햄버거,샐)놀라운치킨텐더샐러드,2500
a45,간편식사,샌드위치/햄버거,샐)놀라운양배추샐러드,2300
a46,간편식사,샌드위치/햄버거,도)자이언트달콤치킨,9900
a47,간편식사,샌드위치/햄버거,김)코난감자카레유부초밥,3800
a48,간편식사,샌드위치/햄버거,샌)대박나새우,3600
a49,간편식사,샌드위치/햄버거,햄)코난의혹의매운맛카레,3700
a50,간편식사,샌드위치/햄버거,주)코난햄감자카레삼각,1200
a51,간편식사,샌드위치/햄버거,도)코난의혹의매운맛카레,4600
a52,간편식사,샌드위치/햄버거,면)코난나폴리탄파스타,4900
a53,간편식사,샌드위치/햄버거,샐)두부계란샐러드,3800
a54,간편식사,샌드위치/햄버거,도)백종원뉴백반한판,4700
a55,간편식사,샌드위치/햄버거,샌)에그햄치즈모닝샌드,4000
a56,간편식사,샌드위치/햄버거,샐)닭가슴살쌀국수샐러드,5700
a57,간편식사,샌드위치/햄버거,김)백종원마라유부삼겹,3300
a58,간편식사,샌드위치/햄버거,도)백종원마라마파두부,5000
a59,간편식사,샌드위치/햄버거,김)백종원뉴우삼겹한줄,3000
a60,간편식사,샌드위치/햄버거,도)백종원마라탕,6900
a61,간편식사,샌드위치/햄버거,면)백종원마라볶음면,4900
a62,간편식사,샌드위치/햄버거,샌)멘치카츠샌드,3600
a63,간편식사,샌드위치/햄버거,햄)백종원의유린기버거,3900
a64,간편식사,샌드위치/햄버거,주)백종원뉴우삼겹,1300
a65,간편식사,샌드위치/햄버거,햄)반디오리지널버거,3800
a66,간편식사,샌드위치/햄버거,샐)고구마허브치킨샐러드,3800
a67,간편식사,샌드위치/햄버거,샐)리코타뮤즐리샐러드,3800
a68,간편식사,샌드위치/햄버거,샌)자이언트아삭참치,3900
a69,간편식사,샌드위치/햄버거,주)사과샐러드밥바,2400
a70,간편식사,샌드위치/햄버거,핫)데리야끼치킨우엉도그,3900
a71,간편식사,샌드위치/햄버거,샌)토마토햄치즈모닝샌드,4000
a72,간편식사,샌드위치/햄버거,도)자이언트매콤치킨,9900
a73,간편식사,샌드위치/햄버거,도)떠먹는페퍼로니피자,6900
a74,간편식사,샌드위치/햄버거,샌)자이언트갈릭치킨,4300
a75,간편식사,샌드위치/햄버거,면)트러플크림파스타,4500
a76,간편식사,샌드위치/햄버거,김)사과샐러드김밥,3000
a77,간편식사,샌드위치/햄버거,샐)트러플크림치즈샐러드,5700
a78,간편식사,샌드위치/햄버거,샌)바질가득치킨샌드,4900
a79,간편식사,샌드위치/햄버거,주)채식크럼블고추장,1200
a80,간편식사,샌드위치/햄버거,샌)자이언트치킨데리야끼,4300
a81,간편식사,도시락,도)간장마늘고기구이,4900
a82,간편식사,도시락,도)얼큰돈까스김치나베,6900
a83,간편식사,도시락,도)모듬어묵탕,6900
a84,간편식사,도시락,샐)풀드포크샐러드,5900
a85,간편식사,도시락,도)자이언트머스타드치킨,9900
a86,간편식사,도시락,샐)눈꽃토마토샐러드,4800
a87,간편식사,도시락,도)바삭오렌지치킨,6900
a88,간편식사,도시락,샐)과카몰리부리또볼,5900
a89,간편식사,도시락,샐)스노우볼바질샐러드,4800
a90,간편식사,도시락,면)바삭새우온소바,5600
a91,간편식사,도시락,면)김치카츠나베우동,5600
a92,간편식사,도시락,도)로스트닭가슴살덮밥,4700
a93,간편식사,도시락,샐)로스트치킨버섯샐러드,5900
a94,간편식사,도시락,도)치즈닭갈비고구마밥,5000
a95,간편식사,도시락,샐)놀라운파스타샐러드,2300
a96,간편식사,도시락,샐)놀라운계란샐러드,2500
a97,간편식사,도시락,샐)놀라운치즈견과샐러드,2500
a98,간편식사,도시락,도)백종원뉴바싹불고기,4700
a99,간편식사,도시락,샐)놀라운치킨텐더샐러드,2500
a100,간편식사,도시락,샐)놀라운양배추샐러드,2300
a101,간편식사,도시락,도)자이언트달콤치킨,9900
a102,간편식사,도시락,도)코난의혹의매운맛카레,4600
a103,간편식사,도시락,면)코난나폴리탄파스타,4900
a104,간편식사,도시락,샐)두부계란샐러드,3800
a105,간편식사,도시락,도)백종원뉴백반한판,4700
a106,간편식사,도시락,샐)닭가슴살쌀국수샐러드,5700
a107,간편식사,도시락,도)백종원마라마파두부,5000
a108,간편식사,도시락,도)백종원마라탕,6900
a109,간편식사,도시락,면)백종원마라볶음면,4900
a110,간편식사,도시락,샐)고구마허브치킨샐러드,3800
a111,간편식사,도시락,샐)리코타뮤즐리샐러드,3800
a112,간편식사,도시락,도)자이언트매콤치킨,9900
a113,간편식사,도시락,도)떠먹는페퍼로니피자,6900
a114,간편식사,도시락,면)트러플크림파스타,4500
a115,간편식사,도시락,샐)트러플크림치즈샐러드,5700
a116,간편식사,도시락,도)채식카츠정식,5000
a117,간편식사,도시락,면)얼큰뚝배기파스타,4900
a118,간편식사,도시락,도)채식버섯잡채밥,4300
a119,간편식사,도시락,도)백종원뉴고기2배정식,5000
a120,간편식사,도시락,도)고추장가브리살덮밥,4800
a121,간편식사,도시락,도)한가위돼지구이정식,6900
a122,간편식사,도시락,샐)탄두리치킨샐러드,6600
a123,간편식사,도시락,도)백종원뉴매콤불고기,5000
a124,간편식사,도시락,도)백종원뉴열탄제육정식,4500
a125,간편식사,도시락,도)나혼자모둠전,5900
a126,간편식사,도시락,면)육즙가득미트볼파스타,4800
a127,간편식사,도시락,도)육즙가득미트볼정식,5800
a128,간편식사,도시락,도)미트볼그라탕,6900
a129,간편식사,도시락,샐)닭가슴살메밀면샐러드,5400
a130,간편식사,도시락,도)매콤불고기파스타정식,5500
a131,간편식사,도시락,도)시그니처소불고기정식,5500
a132,간편식사,도시락,도)시그니처양념치킨정식,5500
a133,간편식사,도시락,면)쉬림프카레우동,4900
a134,간편식사,도시락,면)매콤짜장면,4900
a135,간편식사,도시락,도)자이언트양푼비빔밥,6900
a136,간편식사,도시락,샐)자이언트닭구마샐러드,6900
a137,간편식사,도시락,샐)자이언트파스타샐러드,6500
a138,간편식사,도시락,면)통소세지로제파스타,4600
a139,간편식사,도시락,면)베이컨치즈까르보나라,4600
a140,간편식사,도시락,도)치즈가득등심돈까스,6900
a141,간편식사,도시락,도)데리야끼꼬치모둠,6900
a142,간편식사,도시락,도)시그니처중화비빔밥제,4300
a143,간편식사,도시락,도)백종원부대볶음정식,4900
a144,간편식사,도시락,샐)탄단지포크플래터볼,5200
a145,간편식사,도시락,도)시그니처중화비빔밥,4300
a146,간편식사,도시락,도)시그니처매콤짜장덮밥,4300
a147,간편식사,도시락,샐)탄단지데리야끼치킨볼,5200
a148,간편식사,도시락,샐)탄단지치킨나초볼,5200
a149,간편식사,도시락,도)한돈듬뿍김치제육,4200
a150,간편식사,도시락,면)나폴리탄소시지파스타,4200
a151,간편식사,도시락,면)미트볼로제치즈파스타,4600
a152,간편식사,도시락,샐)닭가슴살단호박샐러드,4900
a153,간편식사,도시락,샐)살사푸실리고구마샐러,4900
a154,간편식사,도시락,샐)뉴치킨찹찹샐러드,3800
a155,간편식사,도시락,샐)뉴흑임자치킨샐러드,3800
a156,간편식사,도시락,샐)뉴에그가먼저닭샐러드,3800
a157,간편식사,도시락,면)반반함박토마토파스타,4900
a158,간편식사,도시락,도)자이언트고추마요치킨,9900
a159,간편식사,도시락,도)스팸돈까스정식,4900
a160,간편식사,도시락,샐)훈제오리보양샐러드,5600
a161,간편식사,주먹밥/김밥,햄)마라스테이크버거,3500
a162,간편식사,주먹밥/김밥,샌)망곰이의딸기샌드,3600
a163,간편식사,주먹밥/김밥,햄)그릴드치킨버거,3800
a164,간편식사,주먹밥/김밥,샌)스윗스윗맛있구마,3400
a165,간편식사,주먹밥/김밥,샌)로우쏭슬라이더,4200
a166,간편식사,주먹밥/김밥,샌)페퍼로니에그토스트,3500
a167,간편식사,주먹밥/김밥,햄)망곰이의꿀호떡버거,3400
a168,간편식사,주먹밥/김밥,햄)국민새우버거,3500
a169,간편식사,주먹밥/김밥,샌)몽블랑크림샌드,3400
a170,간편식사,주먹밥/김밥,샌)달콤맛있구마샌드,2800
a171,간편식사,주먹밥/김밥,샌)대박나새우,3600
a172,간편식사,주먹밥/김밥,햄)코난의혹의매운맛카레,3700
a173,간편식사,주먹밥/김밥,샌)에그햄치즈모닝샌드,4000
a174,간편식사,주먹밥/김밥,샌)멘치카츠샌드,3600
a175,간편식사,주먹밥/김밥,햄)백종원의유린기버거,3900
a176,간편식사,주먹밥/김밥,햄)반디오리지널버거,3800
a177,간편식사,주먹밥/김밥,샌)자이언트아삭참치,3900
a178,간편식사,주먹밥/김밥,핫)데리야끼치킨우엉도그,3900
a179,간편식사,주먹밥/김밥,샌)토마토햄치즈모닝샌드,4000
a180,간편식사,주먹밥/김밥,샌)자이언트갈릭치킨,4300
a181,간편식사,주먹밥/김밥,샌)바질가득치킨샌드,4900
a182,간편식사,주먹밥/김밥,샌)자이언트치킨데리야끼,4300
a183,간편식사,주먹밥/김밥,샌)자이언트디럭스통밀햄,3900
a184,간편식사,주먹밥/김밥,햄)채식카츠버거,3600
a185,간편식사,주먹밥/김밥,햄)한돈버거매쉬포테이토,3800
a186,간편식사,주먹밥/김밥,샌)채식모타델라루꼴라,4700
a187,간편식사,주먹밥/김밥,햄)뉴탑티어통닭다리살,3500
a188,간편식사,주먹밥/김밥,햄)하인즈버거,4000
a189,간편식사,주먹밥/김밥,샌)아몬드카라멜베이글,4900
a190,간편식사,주먹밥/김밥,햄)스위트함박버거,3600
a191,간편식사,주먹밥/김밥,샌)스위트어니언베이글,4900
a192,간편식사,주먹밥/김밥,샌)베리베리베이글,4900
a193,간편식사,주먹밥/김밥,핫)크리미미트볼핫도그,3800
a194,간편식사,주먹밥/김밥,샌)Fresh시저치킨랩,5200
a195,간편식사,주먹밥/김밥,샌)Fresh치폴레치킨랩,5200
a196,간편식사,주먹밥/김밥,샌)뚱실에그&참치,3400
a197,간편식사,주먹밥/김밥,햄)볼륨UP새치버거,4200
a198,간편식사,주먹밥/김밥,샌)초당옥수수크림샌드,3000
a199,간편식사,주먹밥/김밥,샌)뚱실에그&치킨,3400
a200,간편식사,주먹밥/김밥,햄)볼륨UP햄치버거,4000
a201,간편식사,주먹밥/김밥,샌)뚱실에그&햄감자,3400
a202,간편식사,주먹밥/김밥,햄)볼륨UP불불버거,3400
a203,간편식사,주먹밥/김밥,햄)국민불고기버거,3000
a204,간편식사,주먹밥/김밥,햄)고추마요통살치킨,3900
a205,간편식사,주먹밥/김밥,샌)그릴드치킨월넛샌드,3000
a206,간편식사,주먹밥/김밥,햄)훈제목살버거,3500
a207,간편식사,주먹밥/김밥,샌)꽃카포슬감자샌드,3400
a208,간편식사,주먹밥/김밥,샌)와이파이반미샌드,4800
a209,간편식사,주먹밥/김밥,샌)어니언포테이토샌드,3000
a210,간편식사,주먹밥/김밥,햄)불케이노버거,3800
a211,간편식사,주먹밥/김밥,샌)꽃카콘에그샌드,3400
a212,간편식사,주먹밥/김밥,샌)안기준의햄샌드,3200
a213,간편식사,주먹밥/김밥,샌)스팸폭신에그샌드,3400
a214,간편식사,주먹밥/김밥,햄)스팸에그버거,3200
a215,간편식사,주먹밥/김밥,샌)뚱실사라다샌드,3400
a216,간편식사,주먹밥/김밥,샌)미피의햄코울슬로,3200
a217,간편식사,주먹밥/김밥,샌)뚱실햄에그,3400
a218,간편식사,주먹밥/김밥,햄)백종원치즈함박,3600
a219,간편식사,주먹밥/김밥,햄)베이컨에그모닝머핀,2900
a220,간편식사,주먹밥/김밥,샌)뉴대만식연유,2600
a221,간편식사,주먹밥/김밥,햄)한돈버거더클래식,3800
a222,간편식사,주먹밥/김밥,햄)점보치즈불고기버거,2800
a223,간편식사,주먹밥/김밥,햄)뉴빅클래식불고기버거,3400
a224,간편식사,주먹밥/김밥,샌)하프&하프샌드,3200
a225,간편식사,주먹밥/김밥,샌)통밀햄,3300
a226,간편식사,주먹밥/김밥,샌)햄에그치즈,3300
a227,간편식사,주먹밥/김밥,샌)통밀베이컨,3300
a228,간편식사,주먹밥/김밥,핫)아메리칸핫도그,3400
a229,간편식사,주먹밥/김밥,핫)리치리치콘치즈,3600
a230,간편식사,주먹밥/김밥,샌)햄감자샐러드,3200
a231,간편식사,주먹밥/김밥,샌)에그포테이토,3300
a232,간편식사,주먹밥/김밥,햄)K오리지널불고기버거,3500
a233,간편식사,주먹밥/김밥,햄)뉴상하이스파이시버거,2800
a234,간편식사,주먹밥/김밥,햄)에그불고기치즈햄버거,2800
a235,간편식사,주먹밥/김밥,햄)딥치즈베이컨햄버거,2800
a236,간편식사,주먹밥/김밥,샌)에그고소햄샌드,2500
a237,간편식사,주먹밥/김밥,샌)케이준치킨샌드,2800
a238,간편식사,주먹밥/김밥,샌)에그슬라이스샌드,2800
a239,간편식사,주먹밥/김밥,샌)크래프트치즈딸기샌드,2800
a240,간편식사,주먹밥/김밥,샌)BELT샌드,2800
b1,즉석조리,베이커리,튀김)단팥붕어빵N,900
b2,즉석조리,베이커리,튀김)슈크림붕어빵N,900
b3,즉석조리,베이커리,튀김)자이언트치킨BOX,11500
b4,즉석조리,베이커리,튀김)뉴곰돌이치킨바N,1300
b5,즉석조리,베이커리,튀김)닭다리순살꼬치N,2000
b6,즉석조리,베이커리,튀김)닭다리순살꼬치매콤N,2000
b7,즉석조리,베이커리,튀김)매콤가라아게꼬치N,2000
b8,즉석조리,베이커리,튀김)가라아게꼬치N,2000
b9,즉석조리,베이커리,튀김)치킨텐더꼬치N,1800
b10,즉석조리,베이커리,튀김)후라이드닭다리N,2300
b11,즉석조리,베이커리,튀김)두가지맛치즈스틱N,1500
b12,즉석조리,베이커리,도너츠)딸기츄잉도넛N,1200
b13,즉석조리,베이커리,튀김)더블핫순살넓적다리N,2300
b14,즉석조리,베이커리,도너츠)초코보스톤N,1200
b15,즉석조리,베이커리,도너츠)딸기보스톤N,1200
b16,즉석조리,베이커리,튀김)뉴자이언트지파이N,2900
b17,즉석조리,베이커리,튀김)매콤핫닭다리N,2600
b18,즉석조리,베이커리,도너츠)초코후로스트N,1100
b19,즉석조리,베이커리,도너츠)초코케익글레이즈N,1200
b20,즉석조리,베이커리,큐로)일리인텐소250g,17000
b21,즉석조리,베이커리,일리ICE아메리카노XL,2200
b22,즉석조리,베이커리,일리HOT아메리카노L,2500
b23,즉석조리,베이커리,GET아이스아메리카노벤티,1300
b24,즉석조리,베이커리,튀김)5마리통새우꼬치N,1800
b25,즉석조리,베이커리,도너츠)스위트츄잉도넛N,1200
b26,즉석조리,베이커리,도너츠)올드글레이즈N,1200
b27,즉석조리,베이커리,즉석빵)브리오슈크로아상N,1500
b28,즉석조리,베이커리,즉석빵)초코칩브리오슈N,1400
b29,즉석조리,베이커리,즉석빵)딸기피치브리오슈N,1400
b30,즉석조리,베이커리,즉석빵)팡오쇼콜라N,1400
b31,즉석조리,베이커리,도너츠)바바리안필드N,1200
b32,즉석조리,베이커리,도너츠)스트로베리필드N,1200
b33,즉석조리,베이커리,튀김)바삭매콤순살꼬치N,2000
b34,즉석조리,베이커리,튀김)바삭순살치킨꼬치N,2000
b35,즉석조리,베이커리,튀김)치즈휴게소소시지바N,2400
b36,즉석조리,베이커리,튀김)휴게소소시지바N,2400
b37,즉석조리,베이커리,튀김)소떡소떡N,1800
b38,즉석조리,베이커리,즉석빵)우유크림소보로N,1800
b39,즉석조리,베이커리,즉석빵)땅콩크림샌드N,1600
b40,즉석조리,베이커리,즉석빵)우유크림샌드N,1600
b41,즉석조리,베이커리,즉석빵)딸기크림샌드N,1600
b42,즉석조리,베이커리,튀김)얇은피닭날개N,2600
b43,즉석조리,베이커리,튀김)얇은피닭다리N,2600
b44,즉석조리,베이커리,튀김)얇은피넓적다리N,2600
b45,즉석조리,베이커리,뉴get커피블렌드500g,17000
b46,즉석조리,베이커리,튀김)가마로강정꼬치매콤N,2300
b47,즉석조리,베이커리,피자)오이피클80gN,500
b48,즉석조리,베이커리,튀김)자이언트92핫도그N,2000
b49,즉석조리,베이커리,즉석빵)맛있는슈크림빵N,1400
b50,즉석조리,베이커리,즉석빵)맛있는단팥빵N,1400
b51,즉석조리,베이커리,즉석빵)옥수수크림샌드N,1500
b52,즉석조리,베이커리,튀김)갈릭디핑소스,500
b53,즉석조리,베이커리,튀김)양념치킨소스,500
b54,즉석조리,베이커리,도너츠)코코넛초코링,1000
b55,즉석조리,베이커리,튀김)통살닭다리꼬치,2200
b56,즉석조리,베이커리,튀김)맵달시즈닝1회용,200
b57,즉석조리,베이커리,튀김)자이언트순살치킨,8900
b58,즉석조리,베이커리,즉석빵)고구마빵,2000
b59,즉석조리,베이커리,튀김)7마리통새우꼬치,2000
b60,즉석조리,베이커리,튀김)치즈볼1입,500
b61,즉석조리,베이커리,도너츠)글레이즈드도넛,1300
b62,즉석조리,베이커리,즉석빵)커브크로와상,1200
b63,즉석조리,베이커리,오뎅)고래사모듬꼬치어묵,1500
b64,즉석조리,베이커리,튀김)버팔로봉봉스틱,7900
b65,즉석조리,베이커리,GET헤이즐넛향시럽,400
b66,즉석조리,베이커리,튀김)참숯구이매콤닭꼬치,2200
b67,즉석조리,베이커리,튀김)참숯구이닭꼬치,2200
b68,즉석조리,베이커리,오뎅)미도사각꼬치어묵,1000
b69,즉석조리,베이커리,도너츠)비스마르크도넛80g,1100
b70,즉석조리,베이커리,즉석빵)브라우니쿠키,1000
b71,즉석조리,베이커리,튀김)자이언트통다리,4500
b72,즉석조리,베이커리,GET바닐라라떼파우더,500
b73,즉석조리,베이커리,튀김)매콤넓적다리,2700
b74,즉석조리,베이커리,튀김)넓적다리,2700
b75,즉석조리,베이커리,즉석빵)듬뿍연유소보로빵,1400
b76,즉석조리,베이커리,튀김)곰돌이치킨바,1300
b77,즉석조리,베이커리,튀김)후라이드치킨,9900
b78,즉석조리,베이커리,GET아이스아메리카노XL,900
b79,즉석조리,베이커리,튀김)체다치즈핫찰도그바,2300
b80,즉석조리,베이커리,도너츠)딸기링도넛70g,1100
b81,즉석조리,튀김류,튀김)단팥붕어빵N,900
b82,즉석조리,튀김류,튀김)슈크림붕어빵N,900
b83,즉석조리,튀김류,튀김)자이언트치킨BOX,11500
b84,즉석조리,튀김류,튀김)뉴곰돌이치킨바N,1300
b85,즉석조리,튀김류,튀김)닭다리순살꼬치N,2000
b86,즉석조리,튀김류,튀김)닭다리순살꼬치매콤N,2000
b87,즉석조리,튀김류,튀김)매콤가라아게꼬치N,2000
b88,즉석조리,튀김류,튀김)가라아게꼬치N,2000
b89,즉석조리,튀김류,튀김)치킨텐더꼬치N,1800
b90,즉석조리,튀김류,튀김)후라이드닭다리N,2300
b91,즉석조리,튀김류,튀김)두가지맛치즈스틱N,1500
b92,즉석조리,튀김류,튀김)더블핫순살넓적다리N,2300
b93,즉석조리,튀김류,튀김)뉴자이언트지파이N,2900
b94,즉석조리,튀김류,튀김)매콤핫닭다리N,2600
b95,즉석조리,튀김류,튀김)5마리통새우꼬치N,1800
b96,즉석조리,튀김류,튀김)바삭매콤순살꼬치N,2000
b97,즉석조리,튀김류,튀김)바삭순살치킨꼬치N,2000
b98,즉석조리,튀김류,튀김)치즈휴게소소시지바N,2400
b99,즉석조리,튀김류,튀김)휴게소소시지바N,2400
b100,즉석조리,튀김류,튀김)소떡소떡N,1800
b101,즉석조리,튀김류,튀김)얇은피닭날개N,2600
b102,즉석조리,튀김류,튀김)얇은피닭다리N,2600
b103,즉석조리,튀김류,튀김)얇은피넓적다리N,2600
b104,즉석조리,튀김류,튀김)가마로강정꼬치매콤N,2300
b105,즉석조리,튀김류,튀김)자이언트92핫도그N,2000
b106,즉석조리,튀김류,튀김)갈릭디핑소스,500
b107,즉석조리,튀김류,튀김)양념치킨소스,500
b108,즉석조리,튀김류,튀김)통살닭다리꼬치,2200
b109,즉석조리,튀김류,튀김)맵달시즈닝1회용,200
b110,즉석조리,튀김류,튀김)자이언트순살치킨,8900
b111,즉석조리,튀김류,튀김)7마리통새우꼬치,2000
b112,즉석조리,튀김류,튀김)치즈볼1입,500
b113,즉석조리,튀김류,오뎅)고래사모듬꼬치어묵,1500
b114,즉석조리,튀김류,튀김)버팔로봉봉스틱,7900
b115,즉석조리,튀김류,튀김)참숯구이매콤닭꼬치,2200
b116,즉석조리,튀김류,튀김)참숯구이닭꼬치,2200
b117,즉석조리,튀김류,오뎅)미도사각꼬치어묵,1000
b118,즉석조리,튀김류,튀김)자이언트통다리,4500
b119,즉석조리,튀김류,튀김)매콤넓적다리,2700
b120,즉석조리,튀김류,튀김)넓적다리,2700
b121,즉석조리,튀김류,튀김)곰돌이치킨바,1300
b122,즉석조리,튀김류,튀김)후라이드치킨,9900
b123,즉석조리,튀김류,튀김)체다치즈핫찰도그바,2300
b124,즉석조리,튀김류,튀김)핫찰도그바,2000
b125,즉석조리,튀김류,튀김)닭다리,2700
b126,즉석조리,즉석커피,도너츠)딸기츄잉도넛N,1200
b127,즉석조리,즉석커피,도너츠)초코보스톤N,1200
b128,즉석조리,즉석커피,도너츠)딸기보스톤N,1200
b129,즉석조리,즉석커피,도너츠)초코후로스트N,1100
b130,즉석조리,즉석커피,도너츠)초코케익글레이즈N,1200
b131,즉석조리,즉석커피,도너츠)스위트츄잉도넛N,1200
b132,즉석조리,즉석커피,도너츠)올드글레이즈N,1200
b133,즉석조리,즉석커피,즉석빵)브리오슈크로아상N,1500
b134,즉석조리,즉석커피,즉석빵)초코칩브리오슈N,1400
b135,즉석조리,즉석커피,즉석빵)딸기피치브리오슈N,1400
b136,즉석조리,즉석커피,즉석빵)팡오쇼콜라N,1400
b137,즉석조리,즉석커피,도너츠)바바리안필드N,1200
b138,즉석조리,즉석커피,도너츠)스트로베리필드N,1200
b139,즉석조리,즉석커피,즉석빵)우유크림소보로N,1800
b140,즉석조리,즉석커피,즉석빵)땅콩크림샌드N,1600
b141,즉석조리,즉석커피,즉석빵)우유크림샌드N,1600
b142,즉석조리,즉석커피,즉석빵)딸기크림샌드N,1600
b143,즉석조리,즉석커피,피자)오이피클80gN,500
b144,즉석조리,즉석커피,즉석빵)맛있는슈크림빵N,1400
b145,즉석조리,즉석커피,즉석빵)맛있는단팥빵N,1400
b146,즉석조리,즉석커피,즉석빵)옥수수크림샌드N,1500
b147,즉석조리,즉석커피,도너츠)코코넛초코링,1000
b148,즉석조리,즉석커피,즉석빵)고구마빵,2000
b149,즉석조리,즉석커피,도너츠)글레이즈드도넛,1300
b150,즉석조리,즉석커피,즉석빵)커브크로와상,1200
b151,즉석조리,즉석커피,도너츠)비스마르크도넛80g,1100
b152,즉석조리,즉석커피,즉석빵)브라우니쿠키,1000
b153,즉석조리,즉석커피,즉석빵)듬뿍연유소보로빵,1400
b154,즉석조리,즉석커피,도너츠)딸기링도넛70g,1100
b155,즉석조리,즉석커피,도너츠)백앙금베터도넛60g,1200
b156,즉석조리,즉석커피,도너츠)화이트초코링N,1100
b157,즉석조리,즉석커피,즉석빵)스위트크런치,900
b158,즉석조리,즉석커피,즉석빵)치즈쿠키,500
b159,즉석조리,즉석커피,즉석빵)쵸코칩쿠키,400
b160,즉석조리,즉석커피,즉석빵)초코크로와상,1500
b161,즉석조리,즉석커피,즉석빵)메이플피칸파이,1600
b162,즉석조리,즉석커피,즉석빵)찰호박꽈베기,1500
b163,즉석조리,즉석커피,즉석빵)팥앙금패스트리,1200
b164,즉석조리,즉석커피,즉석빵)고구마슈크림,1400
b165,즉석조리,즉석커피,즉석빵)쫀득우유찰빵,400
b166,즉석조리,즉석커피,즉석빵)촉촉한초코칩쿠키,700
b167,즉석조리,즉석커피,즉석빵)애플크라운,1700
b168,즉석조리,즉석커피,도너츠)초코마카롱도넛70g,1100
b169,즉석조리,즉석커피,도너츠)딸기마카롱도넛70g,1100
b170,즉석조리,즉석커피,즉석빵)고구마파이,1600
b171,즉석조리,즉석커피,피자)콤비네이션피자,7200
b172,즉석조리,즉석커피,피자)치즈피자,7200
b173,즉석조리,즉석커피,피자)불고기피자,7200
c1,과자류,빵/디저트,대산)쿠키런큰별바나나,2000
c2,과자류,빵/디저트,엠즈)루돌프모카케이크,6900
c3,과자류,빵/디저트,엠즈)눈사람우유케이크,6900
c4,과자류,빵/디저트,피오레)생딸기케이크,3800
c5,과자류,빵/디저트,미스티)폼폼푸린4D구미,2500
c6,과자류,빵/디저트,미스티)쿠로미4D구미,2500
c7,과자류,빵/디저트,이웃집)고구마크룽지,1900
c8,과자류,빵/디저트,오리온)키위알맹이,1200
c9,과자류,빵/디저트,삼립)허쉬레이어드케익,6800
c10,과자류,빵/디저트,삼립)허쉬초코베리롤케익,4900
c11,과자류,빵/디저트,삼립)아톰우피파이,1800
c12,과자류,빵/디저트,삼립)아톰딸기마블케익,1800
c13,과자류,빵/디저트,삼립)아톰라즈베리팡,1800
c14,과자류,빵/디저트,삼립)아톰모카롤케익,1800
c15,과자류,빵/디저트,매크로)폴트초코타르트,3000
c16,과자류,빵/디저트,매크로)폴트딸기타르트,3000
c17,과자류,빵/디저트,마즈)몰티져스카라멜골드,1800
c18,과자류,빵/디저트,조이)망곰이초코마카롱,3800
c19,과자류,빵/디저트,405)피넛크림소보로빵,2300
c20,과자류,빵/디저트,조이)망곰이딸기마카롱,3800
c21,과자류,빵/디저트,참조은)바스크치즈케이크,2700
c22,과자류,빵/디저트,벨리)앙꼬라즈베리도넛,2900
c23,과자류,빵/디저트,연세)녹차초코생크림컵,4200
c24,과자류,빵/디저트,삼립)허쉬초코칩머핀,2200
c25,과자류,빵/디저트,롯데)러버러버젤리백도,1500
c26,과자류,빵/디저트,롯데)러버러버골드키위,1500
c27,과자류,빵/디저트,HEYROO콘소메맛시리얼팝,1600
c28,과자류,빵/디저트,오리온)단백질칩버터구이,1700
c29,과자류,빵/디저트,오리온)단백질칩칠리살사,1700
c30,과자류,빵/디저트,405)오리지널통단팥빵,2300
c31,과자류,빵/디저트,엠즈)매일우유오트소금롤,3900
c32,과자류,빵/디저트,나무)찐탱망고젤리,2000
c33,과자류,빵/디저트,초코)짱구21곡치즈바,700
c34,과자류,빵/디저트,유라가)밤생크림찹쌀떡,3000
c35,과자류,빵/디저트,삼립)꿀고구마쿠키,1500
c36,과자류,빵/디저트,삼립)호구마샌드,1800
c37,과자류,빵/디저트,하늘)미니스트룹와플96g,2400
c38,과자류,빵/디저트,HEYROO감자칩득템트러플향,1700
c39,과자류,빵/디저트,HEYROO타코칩살사맛,1800
c40,과자류,빵/디저트,엠즈)생크림리얼브라우니,5100
c41,과자류,빵/디저트,엠즈)생크림바스크케이크,5100
c42,과자류,빵/디저트,나무)떡복희젤리,2000
c43,과자류,빵/디저트,삼광)초코바사삭12g,500
c44,과자류,빵/디저트,코코)산리오팔찌캔디,4000
c45,과자류,빵/디저트,경남)레모나톡톡젤리,2000
c46,과자류,빵/디저트,유라가)알감자찰떡꼬치,3500
c47,과자류,빵/디저트,삼립)씨앗호떡쿠키,1500
c48,과자류,빵/디저트,삼립)제주당근크럼블케익,3500
c49,과자류,빵/디저트,동서)리츠크래커스노우,1800
c50,과자류,빵/디저트,동화)꽈페솔티카라멜스낵,1700
c51,과자류,빵/디저트,대산)먹태리아나쵸칩60g,1500
c52,과자류,빵/디저트,농심)우와한칩치폴레55g,2500
c53,과자류,빵/디저트,405)스위트시나몬롤,2300
c54,과자류,빵/디저트,405)애플크럼블시나몬롤,2300
c55,과자류,빵/디저트,나무)궁극의이슬젤리,4000
c56,과자류,빵/디저트,SD)코난리본젤리딸기맛,1900
c57,과자류,빵/디저트,오리온)비쵸비125g,3000
c58,과자류,빵/디저트,삼립)포켓몬갈릭치킨호빵,2200
c59,과자류,빵/디저트,삼립)포켓몬제육볶음호빵,2200
c60,과자류,빵/디저트,삼립)포켓몬딸기크림샌드,2200
c61,과자류,빵/디저트,삼립)제주당근큐브케익,3500
c62,과자류,빵/디저트,삼립)23떡볶이호빵3입,4800
c63,과자류,빵/디저트,해태)홈런볼마롱크림,2000
c64,과자류,빵/디저트,삼립)23떡볶이호빵,1600
c65,과자류,빵/디저트,롯데)후레쉬민트,1200
c66,과자류,빵/디저트,나무)폭신감튀마시멜로우,1800
c67,과자류,빵/디저트,크라운)크로플아몬드50g,1500
c68,과자류,빵/디저트,롯데)제로마일드초콜릿,2500
c69,과자류,빵/디저트,이멕스)헬로키티마쉬멜로,300
c70,과자류,빵/디저트,405)소프트롤링스윗허니,1800
c71,과자류,빵/디저트,명도)미주라프로틴오트밀,2500
c72,과자류,빵/디저트,명도)미주라프로틴아몬드,2500
c73,과자류,빵/디저트,유라가)고구마찰떡꼬치,3500
c74,과자류,빵/디저트,크라운)쿠크다스치즈,3500
c75,과자류,빵/디저트,삼립)포켓몬초코카스테라,2500
c76,과자류,빵/디저트,삼립)23미트파이호빵3입,4500
c77,과자류,빵/디저트,해태)프리츠앙꼬크림스틱,1500
c78,과자류,빵/디저트,몽뜨)포지타노레몬캔디,3500
c79,과자류,빵/디저트,삼립)23미트파이호빵,1500
c80,과자류,빵/디저트,성풍)프랄린크리스피다크,1800
c81,과자류,껌/초콜릿/캔디,대산)쿠키런큰별바나나,2000
c82,과자류,껌/초콜릿/캔디,매크로)폴트초코타르트,3000
c83,과자류,껌/초콜릿/캔디,매크로)폴트딸기타르트,3000
c84,과자류,껌/초콜릿/캔디,HEYROO콘소메맛시리얼팝,1600
c85,과자류,껌/초콜릿/캔디,오리온)단백질칩버터구이,1700
c86,과자류,껌/초콜릿/캔디,오리온)단백질칩칠리살사,1700
c87,과자류,껌/초콜릿/캔디,초코)짱구21곡치즈바,700
c88,과자류,껌/초콜릿/캔디,하늘)미니스트룹와플96g,2400
c89,과자류,껌/초콜릿/캔디,HEYROO감자칩득템트러플향,1700
c90,과자류,껌/초콜릿/캔디,HEYROO타코칩살사맛,1800
c91,과자류,껌/초콜릿/캔디,삼광)초코바사삭12g,500
c92,과자류,껌/초콜릿/캔디,동서)리츠크래커스노우,1800
c93,과자류,껌/초콜릿/캔디,동화)꽈페솔티카라멜스낵,1700
c94,과자류,껌/초콜릿/캔디,대산)먹태리아나쵸칩60g,1500
c95,과자류,껌/초콜릿/캔디,농심)우와한칩치폴레55g,2500
c96,과자류,껌/초콜릿/캔디,오리온)비쵸비125g,3000
c97,과자류,껌/초콜릿/캔디,해태)홈런볼마롱크림,2000
c98,과자류,껌/초콜릿/캔디,크라운)크로플아몬드50g,1500
c99,과자류,껌/초콜릿/캔디,명도)미주라프로틴오트밀,2500
c100,과자류,껌/초콜릿/캔디,명도)미주라프로틴아몬드,2500
c101,과자류,껌/초콜릿/캔디,크라운)쿠크다스치즈,3500
c102,과자류,껌/초콜릿/캔디,해태)프리츠앙꼬크림스틱,1500
c103,과자류,껌/초콜릿/캔디,HEYROO먹태바사삭,1600
c104,과자류,껌/초콜릿/캔디,농심)빵부장소금빵55g,1700
c105,과자류,껌/초콜릿/캔디,롯데)제로쿠앤크샌드,2000
c106,과자류,껌/초콜릿/캔디,이멕스)얀얀초코스틱50g,1800
c107,과자류,껌/초콜릿/캔디,미성)화이트캐슬쿠키틴,3500
c108,과자류,껌/초콜릿/캔디,조인)에그프로틴바베리,1800
c109,과자류,껌/초콜릿/캔디,조인)에그프로틴바넛츠,1800
c110,과자류,껌/초콜릿/캔디,해태)프리츠발효버터,1500
c111,과자류,껌/초콜릿/캔디,해태)프리츠토마토,1500
c112,과자류,껌/초콜릿/캔디,델리팜)로아커곡물초코110,5000
c113,과자류,껌/초콜릿/캔디,델리팜)로아커곡물헤이110,5000
c114,과자류,껌/초콜릿/캔디,해태)허니버터칩콰트로55g,1700
c115,과자류,껌/초콜릿/캔디,농심)포테토칩트리플치즈,1700
c116,과자류,껌/초콜릿/캔디,델리팜)로아커곡물초코45g,2000
c117,과자류,껌/초콜릿/캔디,델리팜)로아커곡물헤이45g,2000
c118,과자류,껌/초콜릿/캔디,오리온)오땅핫스파이시90g,1500
c119,과자류,껌/초콜릿/캔디,매일)킨더트롱키90g,4000
c120,과자류,껌/초콜릿/캔디,매일)킨더트롱키18g,900
c121,과자류,껌/초콜릿/캔디,롯데)쁘띠몽쉘돌카롱,5000
c122,과자류,껌/초콜릿/캔디,켈로그)헤이즐넛다크초코,2200
c123,과자류,껌/초콜릿/캔디,롯데)빈츠끼리,2800
c124,과자류,껌/초콜릿/캔디,롯데)명가찰떡파이끼리,6600
c125,과자류,껌/초콜릿/캔디,롯데)칸쵸끼리,1200
c126,과자류,껌/초콜릿/캔디,롯데)카스타드끼리,6000
c127,과자류,껌/초콜릿/캔디,동서)오레오오즈컵30g,1900
c128,과자류,껌/초콜릿/캔디,동서)콘푸라이트컵30g,1900
c129,과자류,껌/초콜릿/캔디,종근당)콘스프밸런스볼,2500
c130,과자류,껌/초콜릿/캔디,종근당)치즈밸런스볼,2500
c131,과자류,껌/초콜릿/캔디,래딕)아미고나쵸치즈,3000
c132,과자류,껌/초콜릿/캔디,해태)스내피크리스프53g,2500
c133,과자류,껌/초콜릿/캔디,미성)오트밀치즈바이트35g,1500
c134,과자류,껌/초콜릿/캔디,미성)오트밀미니바이트40g,1500
c135,과자류,껌/초콜릿/캔디,해태)에이스바스크치즈,1700
c136,과자류,껌/초콜릿/캔디,앰지)밀카초코슈프림30g,1300
c137,과자류,껌/초콜릿/캔디,HEYROO청양마요맛새우칩,1800
c138,과자류,껌/초콜릿/캔디,롯데)오잉노가리칩60g,1700
c139,과자류,껌/초콜릿/캔디,미성)리치허니쌀과자120g,3500
c140,과자류,껌/초콜릿/캔디,티디)생미쉘그란데갈라떼,5500
c141,과자류,껌/초콜릿/캔디,티디)생미쉘그란데초코,5500
c142,과자류,껌/초콜릿/캔디,HEYROO초코러스크,1800
c143,과자류,껌/초콜릿/캔디,서주)문파워밀크티웨하스,2800
c144,과자류,껌/초콜릿/캔디,오리온)마켓오브라우니6입,3000
c145,과자류,껌/초콜릿/캔디,롯데)씨리얼초코,1200
c146,과자류,껌/초콜릿/캔디,해태)후렌치파이사과,4200
c147,과자류,껌/초콜릿/캔디,롯데)더쌀로핫칠리맛60g,1700
c148,과자류,껌/초콜릿/캔디,서주)앙꼬크림웨하스,2200
c149,과자류,껌/초콜릿/캔디,미성)허쉬미니쿠키,1700
c150,과자류,껌/초콜릿/캔디,오뚜기)뿌셔뿌셔바베큐맛,1200
c151,과자류,껌/초콜릿/캔디,어니)뽀로로한입딸기약과,2000
c152,과자류,껌/초콜릿/캔디,어니)포비빅소프트밀키볼,1700
c153,과자류,껌/초콜릿/캔디,어니)포비빅소프트초코볼,1700
c154,과자류,껌/초콜릿/캔디,해태)후렌치파이블루베리,4200
c155,과자류,껌/초콜릿/캔디,HEYROO오엑스칩불닭맛,1500
c156,과자류,껌/초콜릿/캔디,해태)앙꼬생생감자칩피자,1800
c157,과자류,껌/초콜릿/캔디,해태)앙꼬생생감자칩매쉬,1800
c158,과자류,껌/초콜릿/캔디,HEYROO핫오징어스틱,1800
c159,과자류,껌/초콜릿/캔디,동서)포스트액티브바,2000
c160,과자류,껌/초콜릿/캔디,동서)포스트밸런스바,2000
c161,과자류,스낵/비스켓,엠즈)루돌프모카케이크,6900
c162,과자류,스낵/비스켓,엠즈)눈사람우유케이크,6900
c163,과자류,스낵/비스켓,피오레)생딸기케이크,3800
c164,과자류,스낵/비스켓,이웃집)고구마크룽지,1900
c165,과자류,스낵/비스켓,삼립)허쉬레이어드케익,6800
c166,과자류,스낵/비스켓,삼립)허쉬초코베리롤케익,4900
c167,과자류,스낵/비스켓,삼립)아톰우피파이,1800
c168,과자류,스낵/비스켓,삼립)아톰딸기마블케익,1800
c169,과자류,스낵/비스켓,삼립)아톰라즈베리팡,1800
c170,과자류,스낵/비스켓,삼립)아톰모카롤케익,1800
c171,과자류,스낵/비스켓,조이)망곰이초코마카롱,3800
c172,과자류,스낵/비스켓,405)피넛크림소보로빵,2300
c173,과자류,스낵/비스켓,조이)망곰이딸기마카롱,3800
c174,과자류,스낵/비스켓,참조은)바스크치즈케이크,2700
c175,과자류,스낵/비스켓,벨리)앙꼬라즈베리도넛,2900
c176,과자류,스낵/비스켓,연세)녹차초코생크림컵,4200
c177,과자류,스낵/비스켓,삼립)허쉬초코칩머핀,2200
c178,과자류,스낵/비스켓,405)오리지널통단팥빵,2300
c179,과자류,스낵/비스켓,엠즈)매일우유오트소금롤,3900
c180,과자류,스낵/비스켓,유라가)밤생크림찹쌀떡,3000
c181,과자류,스낵/비스켓,삼립)꿀고구마쿠키,1500
c182,과자류,스낵/비스켓,삼립)호구마샌드,1800
c183,과자류,스낵/비스켓,엠즈)생크림리얼브라우니,5100
c184,과자류,스낵/비스켓,엠즈)생크림바스크케이크,5100
c185,과자류,스낵/비스켓,유라가)알감자찰떡꼬치,3500
c186,과자류,스낵/비스켓,삼립)씨앗호떡쿠키,1500
c187,과자류,스낵/비스켓,삼립)제주당근크럼블케익,3500
c188,과자류,스낵/비스켓,405)스위트시나몬롤,2300
c189,과자류,스낵/비스켓,405)애플크럼블시나몬롤,2300
c190,과자류,스낵/비스켓,삼립)포켓몬갈릭치킨호빵,2200
c191,과자류,스낵/비스켓,삼립)포켓몬제육볶음호빵,2200
c192,과자류,스낵/비스켓,삼립)포켓몬딸기크림샌드,2200
c193,과자류,스낵/비스켓,삼립)제주당근큐브케익,3500
c194,과자류,스낵/비스켓,삼립)23떡볶이호빵3입,4800
c195,과자류,스낵/비스켓,삼립)23떡볶이호빵,1600
c196,과자류,스낵/비스켓,405)소프트롤링스윗허니,1800
c197,과자류,스낵/비스켓,유라가)고구마찰떡꼬치,3500
c198,과자류,스낵/비스켓,삼립)포켓몬초코카스테라,2500
c199,과자류,스낵/비스켓,삼립)23미트파이호빵3입,4500
c200,과자류,스낵/비스켓,삼립)23미트파이호빵,1500
c201,과자류,스낵/비스켓,참조은)고구마롤케이크,3600
c202,과자류,스낵/비스켓,대두)고구마찰떡,2000
c203,과자류,스낵/비스켓,삼립)미니니콩고물롤케익,4900
c204,과자류,스낵/비스켓,삼립)아시나요크림떡,2000
c205,과자류,스낵/비스켓,삼립)보름달인절미,1600
c206,과자류,스낵/비스켓,참조은)케로로고구마호빵,2200
c207,과자류,스낵/비스켓,연세)마롱생크림빵,3500
c208,과자류,스낵/비스켓,유라가)초코탕후루찰떡,2900
c209,과자류,스낵/비스켓,삼립)몽블랑밤카스테라,2800
c210,과자류,스낵/비스켓,삼립)몽블랑밤크림케익,3500
c211,과자류,스낵/비스켓,삼립)23김치호빵3입,4800
c212,과자류,스낵/비스켓,삼립)미니니고추잡채호빵,2000
c213,과자류,스낵/비스켓,삼립)합격기원3색찹쌀떡,9900
c214,과자류,스낵/비스켓,삼립)23김치호빵,1600
c215,과자류,스낵/비스켓,참조은)케로로감자호빵,2200
c216,과자류,스낵/비스켓,삼립)23고기호빵3입,4500
c217,과자류,스낵/비스켓,삼립)치즈촤르륵호빵,2200
c218,과자류,스낵/비스켓,삼립)미니니듀얼데니쉬,2000
c219,과자류,스낵/비스켓,삼립)23고기호빵,1500
c220,과자류,스낵/비스켓,짱구)초코빅마카롱,2200
c221,과자류,스낵/비스켓,고대)크림파이화이트베리,3200
c222,과자류,스낵/비스켓,삼립)포켓몬밀크초코슈,2000
c223,과자류,스낵/비스켓,롯데)느린마을팥크림빵,3000
c224,과자류,스낵/비스켓,롯데)느린마을쌀슈크림빵,3000
c225,과자류,스낵/비스켓,참조은)케로로단호박호빵,2200
c226,과자류,스낵/비스켓,이웃집)황치즈크룽지,1800
c227,과자류,스낵/비스켓,이웃집)말차약과쿠키,2700
c228,과자류,스낵/비스켓,삼립)미니니부들부들샌드,2000
c229,과자류,스낵/비스켓,삼립)미니니땅콩미니샌드,2400
c230,과자류,스낵/비스켓,삼립)23피자호빵,1500
c231,과자류,스낵/비스켓,삼립)23야채호빵,1500
c232,과자류,스낵/비스켓,405)크럼블딸기잼쿠키,2200
c233,과자류,스낵/비스켓,405)쿠키칩스더블쿠키,2200
c234,과자류,스낵/비스켓,405)솔티드월넛쿠키,2200
c235,과자류,스낵/비스켓,짱구)폭신미니우유슈3입,2700
c236,과자류,스낵/비스켓,짱구)쿠키크림빅마카롱,2200
c237,과자류,스낵/비스켓,연세)황치즈생크림빵,3300
c238,과자류,스낵/비스켓,삼립)포켓몬크리미팥호빵,2000
c239,과자류,스낵/비스켓,삼립)포켓몬우유호빵,2000
c240,과자류,스낵/비스켓,삼립)미니니황치즈호빵,2000
d1,아이스크림,아이스크림,라벨리)생초코바,2500
d2,아이스크림,아이스크림,프레시)서울우유밀꾸즈,2900
d3,아이스크림,아이스크림,라라스윗)바닐라초코바,3300
d4,아이스크림,아이스크림,라라스윗)초콜릿초코바,3300
d5,아이스크림,아이스크림,서주)미니니녹차우유샌드,2500
d6,아이스크림,아이스크림,해태)커피마루샌드,2200
d7,아이스크림,아이스크림,서주)미니니초코모나카,2500
d8,아이스크림,아이스크림,동그린)망고코코넛포멜로,14900
d9,아이스크림,아이스크림,빙그레)끌레솔티바닐파인,14900
d10,아이스크림,아이스크림,빙그레)끌레밀크티파인트,14900
d11,아이스크림,아이스크림,초코)초코비파인트,12400
d12,아이스크림,아이스크림,서주)딸기치즈케이크도넛,2000
d13,아이스크림,아이스크림,라라스윗)쌀모나카,3300
d14,아이스크림,아이스크림,빙그레)빵또아초코쿠앤크,2200
d15,아이스크림,아이스크림,빙그레)슈크림붕어싸만코,2200
d16,아이스크림,아이스크림,해태)부라보콘피스타치오,2200
d17,아이스크림,아이스크림,하겐)체스트넛미니컵,5900
d18,아이스크림,아이스크림,하겐)피스타치오미니컵,5900
d19,아이스크림,아이스크림,하겐)체스트넛파인트,15900
d20,아이스크림,아이스크림,하겐)피스타치오파인트,15900
d21,아이스크림,아이스크림,서주)1000샌드밀크,1000
d22,아이스크림,아이스크림,빙그레)슈퍼콘초코바나나,2200
d23,아이스크림,아이스크림,빙그레)끌레끼리치즈멀티,14900
d24,아이스크림,아이스크림,제스)덴마크초코초코콘,2500
d25,아이스크림,아이스크림,삼우)1000모나카초코,1000
d26,아이스크림,아이스크림,빙그레)비비빅흑임자,1800
d27,아이스크림,아이스크림,에스카)프로틴스쿱초코,3900
d28,아이스크림,아이스크림,에스카)프로틴스쿱밀크,3900
d29,아이스크림,아이스크림,동그린)혀땳은앙꼬바,1800
d30,아이스크림,아이스크림,프레시)서울우유밀크바,1800
d31,아이스크림,아이스크림,빙그레)초코붕어싸만코,2200
d32,아이스크림,아이스크림,삼우)1000콘초코바닐라,1000
d33,아이스크림,아이스크림,나뚜루)넛츠크림커피파인,14900
d34,아이스크림,아이스크림,나뚜루)넛츠크림커피컵,4800
d35,아이스크림,아이스크림,나뚜루)넛츠크림커피바,4800
d36,아이스크림,아이스크림,빙그레)엔초바,2200
d37,아이스크림,아이스크림,나뚜루)치즈라즈베리파인,14900
d38,아이스크림,아이스크림,서주)비타500아이스쿨,3000
d39,아이스크림,아이스크림,서주)비타500아이스튜브,1800
d40,아이스크림,아이스크림,라라스윗)생우유파인트,8900
d41,아이스크림,아이스크림,라벨리)더블팅,1800
d42,아이스크림,아이스크림,IEK)그루비초콜릿바,3900
d43,아이스크림,아이스크림,IEK)그루비카라멜아몬드바,3900
d44,아이스크림,아이스크림,라라스윗)팥모나카,3300
d45,아이스크림,아이스크림,엠즈)폴바셋카라멜파인트,13900
d46,아이스크림,아이스크림,제스)모구모구리치요거바,2200
d47,아이스크림,아이스크림,빙그레)요맘때딸기홈,9800
d48,아이스크림,아이스크림,라벨리)청도홍시빙수,3500
d49,아이스크림,아이스크림,빙그레)메로나망고,1500
d50,아이스크림,아이스크림,해태)폴라포매실,1800
d51,아이스크림,아이스크림,해태)레모나아이스,2200
d52,아이스크림,아이스크림,삼우)서울앵무새모나카,2500
d53,아이스크림,아이스크림,라라스윗)초콜릿빵샌드,3300
d54,아이스크림,아이스크림,라라스윗)생우유빵샌드,3300
d55,아이스크림,아이스크림,롯데)제로밀크소프트콘,2500
d56,아이스크림,아이스크림,롯데)제로밀크모나카,2500
d57,아이스크림,아이스크림,삼우)1000콘초코,1000
d58,아이스크림,아이스크림,삼우)1000콘바닐라,1000
d59,아이스크림,아이스크림,서주)나바나나,400
d60,아이스크림,아이스크림,해태)우유마루홈,7600
d61,아이스크림,아이스크림,서주)레어케이크,2500
d62,아이스크림,아이스크림,빙그레)따옴바포도,2000
d63,아이스크림,아이스크림,빙그레)따옴바파인애플,2000
d64,아이스크림,아이스크림,해태)빅치즈마루홈,9800
d65,아이스크림,아이스크림,밥스누)약콩크런치초코바,2500
d66,아이스크림,아이스크림,동학)빅구슬밀크카라멜,1800
d67,아이스크림,아이스크림,라벨리)이정도는약과지바,1800
d68,아이스크림,아이스크림,해태)쌍쌍바메로나,1500
d69,아이스크림,아이스크림,서주)소금바닐라샌드,2500
d70,아이스크림,아이스크림,해태)레모나바,1800
d71,아이스크림,아이스크림,빙그레)비비빅바밤바,1500
d72,아이스크림,아이스크림,삼우)밀탑팥엔밀크바,1500
d73,아이스크림,아이스크림,서주)피치리치바,1500
d74,아이스크림,아이스크림,빙그레)쿠앤크카라멜바,1500
d75,아이스크림,아이스크림,빙그레)그라시아카라멜홈,9800
d76,아이스크림,아이스크림,하겐)딸기마카롱바,5900
d77,아이스크림,아이스크림,하겐)딸기마카롱미니컵,5900
d78,아이스크림,아이스크림,하겐)초코마카롱미니컵,5900
d79,아이스크림,아이스크림,하겐)딸기마카롱파인트,15900
d80,아이스크림,아이스크림,하겐)초코마카롱파인트,15900
e1,식품,식재료,팜스)해장라면간편채소50,1000
e2,식품,식재료,팜스)얼큰라면간편채소50,1000
e3,식품,식재료,HEYROO찐만두득템고기180g,1900
e4,식품,식재료,자이언트)마라라볶이컵,3900
e5,식품,식재료,은하)숙성우럭회,13900
e6,식품,식재료,태경)야땡매운양념소곱창,8900
e7,식품,식재료,태경)야땡마늘양념특양,8900
e8,식품,식재료,해성)설향딸기500g,15900
e9,식품,식재료,해성)타이벡감귤1.5kg,9900
e10,식품,식재료,편키트랩)신림동백순대,8900
e11,식품,식재료,한울)참맛치킨무230g,900
e12,식품,식재료,한울)참맛오이피클80g,900
e13,식품,식재료,선해)피쉬팝칠리맛35g,3600
e14,식품,식재료,조인)탱글란2구,2400
e15,식품,식재료,CJ)육공육등심슬라이스90g,6900
e16,식품,식재료,CJ)육공육이탈리안80g,6900
e17,식품,식재료,풀무원)생물만두250g*3,10000
e18,식품,식재료,신세계)호만두마라교자210,4400
e19,식품,식재료,신세계)호만두명란교자210,4400
e20,식품,식재료,신세계)호만두짬뽕교자210,4400
e21,식품,식재료,자이언트)마라떡볶이컵,3600
e22,식품,식재료,짱구)고기듬뿍차슈덮밥,6900
e23,식품,식재료,편키트랩)마라누들떡볶이,8900
e24,식품,식재료,해성)블랙스윗토마토450g,8500
e25,식품,식재료,티엠)정꼬꼬핫칠리30g,4300
e26,식품,식재료,티엠)정꼬꼬사워크림30g,4300
e27,식품,식재료,구스)스파이시BBQ롱소시지,2500
e28,식품,식재료,KKMC)제주골드키위4입,6400
e29,식품,식재료,CJ)백설카파오무쌉소스,4900
e30,식품,식재료,CJ)백설치킨마크니커리,4900
e31,식품,식재료,CJ)육공육잠봉슬라이스80g,6900
e32,식품,식재료,CJ)육공육허브후랑크360g,9900
e33,식품,식재료,CJ)스팸닭가슴살200g,6200
e34,식품,식재료,머거본)푸린딸기아몬드,5900
e35,식품,식재료,머거본)피카츄허니버터,5900
e36,식품,식재료,한일)매운김치우동,3500
e37,식품,식재료,구스)블랙페퍼버팔로스틱,8900
e38,식품,식재료,삼립)하이면고추우동2인,8000
e39,식품,식재료,삼립)하이면감태칼국수2인,8000
e40,식품,식재료,사조)꼬꼬봉크림치즈30g,1600
e41,식품,식재료,오뚜기)토마토소스,6500
e42,식품,식재료,사조)해표꽃소금500g,1800
e43,식품,식재료,CJ)백설참기름330ml,11900
e44,식품,식재료,매일)더블업체다10매입,7500
e45,식품,식재료,짱구)속풀리는김치칼국수,5500
e46,식품,식재료,산리오)시나모롤마라납당,4800
e47,식품,식재료,산리오)쿠로미의짬뽕납당,4800
e48,식품,식재료,해성)완숙토마토3입,3600
e49,식품,식재료,싱싱상생)알뜰사과1kg,8900
e50,식품,식재료,하림)얼큰닭육수쌀라면,1900
e51,식품,식재료,하림)맑은닭육수쌀라면,1900
e52,식품,식재료,팔도한끼)경양식함박덮밥,6900
e53,식품,식재료,코주부)징기스칸육포30g,4400
e54,식품,식재료,정화)페스츄리오징어65g,5900
e55,식품,식재료,한일)가쓰오우동곱빼기,3700
e56,식품,식재료,한일)유부듬뿍해물칼국수,3700
e57,식품,식재료,오뚜기)열튀김우동컵,2000
e58,식품,식재료,오뚜기)얼큰순대국밥,8500
e59,식품,식재료,오뚜기)얼큰돼지국밥,8500
e60,식품,식재료,동서)모카골드믹스200T,29800
e61,식품,식재료,미트뱅크)간장맛닭갈비350,6000
e62,식품,식재료,신화)잘구운아귀포70g,6500
e63,식품,식재료,해성)맛있는단감5입(봉),5500
e64,식품,식재료,하림)푸디버디소고기뭇국,4400
e65,식품,식재료,하림)푸디버디미역국,4400
e66,식품,식재료,씨엔)제주감귤1kg,5200
e67,식품,식재료,팔도한끼)간장족발덮밥,6500
e68,식품,식재료,호가든)크림후실리파스타,4300
e69,식품,식재료,호가든)로제후실리파스타,4300
e70,식품,식재료,구스)블랙페퍼킬바사200g,6200
e71,식품,식재료,HEYROO김득템20봉,4750
e72,식품,식재료,CJ)닭가슴살순살케이준100,4500
e73,식품,식재료,풀무원)생청국장190g,3600
e74,식품,식재료,동원)맛참고소맛135g*4입,12900
e75,식품,식재료,동원)고추참치135g*4입,12900
e76,식품,식재료,동원)살코기참치135g*4입,12900
e77,식품,식재료,편키트랩)코울슬로드레싱,700
e78,식품,식재료,편키트랩)고소참깨드레싱,700
e79,식품,식재료,편키트랩)치폴레드레싱,700
e80,식품,식재료,대상)종가맛김치900g,13000
e81,식품,가공식품,HEYROO찐만두득템고기180g,1900
e82,식품,가공식품,자이언트)마라라볶이컵,3900
e83,식품,가공식품,태경)야땡매운양념소곱창,8900
e84,식품,가공식품,태경)야땡마늘양념특양,8900
e85,식품,가공식품,편키트랩)신림동백순대,8900
e86,식품,가공식품,풀무원)생물만두250g*3,10000
e87,식품,가공식품,신세계)호만두마라교자210,4400
e88,식품,가공식품,신세계)호만두명란교자210,4400
e89,식품,가공식품,신세계)호만두짬뽕교자210,4400
e90,식품,가공식품,자이언트)마라떡볶이컵,3600
e91,식품,가공식품,짱구)고기듬뿍차슈덮밥,6900
e92,식품,가공식품,편키트랩)마라누들떡볶이,8900
e93,식품,가공식품,CJ)백설카파오무쌉소스,4900
e94,식품,가공식품,CJ)백설치킨마크니커리,4900
e95,식품,가공식품,한일)매운김치우동,3500
e96,식품,가공식품,삼립)하이면고추우동2인,8000
e97,식품,가공식품,삼립)하이면감태칼국수2인,8000
e98,식품,가공식품,짱구)속풀리는김치칼국수,5500
e99,식품,가공식품,산리오)시나모롤마라납당,4800
e100,식품,가공식품,산리오)쿠로미의짬뽕납당,4800
e101,식품,가공식품,하림)얼큰닭육수쌀라면,1900
e102,식품,가공식품,하림)맑은닭육수쌀라면,1900
e103,식품,가공식품,팔도한끼)경양식함박덮밥,6900
e104,식품,가공식품,한일)가쓰오우동곱빼기,3700
e105,식품,가공식품,한일)유부듬뿍해물칼국수,3700
e106,식품,가공식품,오뚜기)열튀김우동컵,2000
e107,식품,가공식품,오뚜기)얼큰순대국밥,8500
e108,식품,가공식품,오뚜기)얼큰돼지국밥,8500
e109,식품,가공식품,하림)푸디버디소고기뭇국,4400
e110,식품,가공식품,하림)푸디버디미역국,4400
e111,식품,가공식품,팔도한끼)간장족발덮밥,6500
e112,식품,가공식품,호가든)크림후실리파스타,4300
e113,식품,가공식품,호가든)로제후실리파스타,4300
e114,식품,가공식품,사세)버팔로갈비윙봉220g,6900
e115,식품,가공식품,마이)부산식비빔당면,5500
e116,식품,가공식품,HEYROO라면득템,480
e117,식품,가공식품,하림)더미식새우교자315g,7000
e118,식품,가공식품,하림)더미식김치교자350g,6000
e119,식품,가공식품,하림)더미식고기교자350g,6000
e120,식품,가공식품,부일)새우소금구이(냉동),6500
e121,식품,가공식품,CJ)비비고해물완자340g,7900
e122,식품,가공식품,CJ)비비고한입떡갈비320g,7900
e123,식품,가공식품,CJ)비비고동그랑땡340g,7900
e124,식품,가공식품,하림)푸디버디하양라면80g,2400
e125,식품,가공식품,하림)푸디버디빨강라면84g,2400
e126,식품,가공식품,팔도)틈새라면고기짬뽕컵,1900
e127,식품,가공식품,CJ)소고기듬뿍미역국,9900
e128,식품,가공식품,CJ)소고기듬뿍육개장,9900
e129,식품,가공식품,CJ)소고기듬뿍설렁탕,9900
e130,식품,가공식품,풀무원)모찌버터우동2인,8000
e131,식품,가공식품,CJ)하이디라오용기면,3200
e132,식품,가공식품,팔도)마늘간장닭강정250g,5900
e133,식품,가공식품,팔도)매콤달콤닭강정250g,5900
e134,식품,가공식품,해태)열불날만두하지300g,5300
e135,식품,가공식품,짱구)짱구키리모찌떡구이,4900
e136,식품,가공식품,태경)야땡마늘양념소곱창,8900
e137,식품,가공식품,태경)야땡매운양념특양,8900
e138,식품,가공식품,칠갑)생감자수제비컵,3900
e139,식품,가공식품,한일)토마토라멘컵,3900
e140,식품,가공식품,한일)얼큰튀김우동,3800
e141,식품,가공식품,농심)순하군안성탕면봉지,900
e142,식품,가공식품,웰팜)냉동채소블랜드500g,5900
e143,식품,가공식품,짱구)눈물나게매운우동,5500
e144,식품,가공식품,MDS)탄탄면큰컵,2700
e145,식품,가공식품,삼양)맵탱청양대파라면컵,1800
e146,식품,가공식품,삼양)맵탱마늘조개라면컵,1800
e147,식품,가공식품,삼양)맵탱흑후추소고기컵,1800
e148,식품,가공식품,오뚜기)슈크림붕어빵480g,12000
e149,식품,가공식품,오뚜기)팥붕어빵480g,12000
e150,식품,가공식품,푸드)호로록들깨수제비,3600
e151,식품,가공식품,푸드)호로록김치수제비,3600
e152,식품,가공식품,푸드)호로록해물수제비,3600
e153,식품,가공식품,귀멸)얼큰돈코츠라멘,5500
e154,식품,가공식품,미정당)육개장칼국수,3800
e155,식품,가공식품,오뚜기)컵누들마라탕소컵,1800
e156,식품,가공식품,천일)명란크림파스타,4500
e157,식품,가공식품,CJ)고메미니치즈너겟400g,10900
e158,식품,가공식품,푸드)매콤닭갈비볶음밥,4300
e159,식품,가공식품,CJ)바지락시원파스타2인,9800
e160,식품,가공식품,CJ)토마토매콤파스타2인,9800
e161,식품,안주류,은하)숙성우럭회,13900
e162,식품,안주류,선해)피쉬팝칠리맛35g,3600
e163,식품,안주류,조인)탱글란2구,2400
e164,식품,안주류,CJ)육공육등심슬라이스90g,6900
e165,식품,안주류,CJ)육공육이탈리안80g,6900
e166,식품,안주류,티엠)정꼬꼬핫칠리30g,4300
e167,식품,안주류,티엠)정꼬꼬사워크림30g,4300
e168,식품,안주류,구스)스파이시BBQ롱소시지,2500
e169,식품,안주류,CJ)육공육잠봉슬라이스80g,6900
e170,식품,안주류,CJ)육공육허브후랑크360g,9900
e171,식품,안주류,머거본)푸린딸기아몬드,5900
e172,식품,안주류,머거본)피카츄허니버터,5900
e173,식품,안주류,구스)블랙페퍼버팔로스틱,8900
e174,식품,안주류,사조)꼬꼬봉크림치즈30g,1600
e175,식품,안주류,코주부)징기스칸육포30g,4400
e176,식품,안주류,정화)페스츄리오징어65g,5900
e177,식품,안주류,신화)잘구운아귀포70g,6500
e178,식품,안주류,구스)블랙페퍼킬바사200g,6200
e179,식품,안주류,CJ)닭가슴살순살케이준100,4500
e180,식품,안주류,팔도한끼)어묵탕매콤족발,9900
e181,식품,안주류,HEYROO김부각득템,2500
e182,식품,안주류,알약)구운알2입,2200
e183,식품,안주류,알약)반숙알2입,2200
e184,식품,안주류,롯데)에센뽀득핫바70g,2400
e185,식품,안주류,푸드)KUNNA건망고75g,3900
e186,식품,안주류,CJ)더건강한그릴후랑크70G,2500
e187,식품,안주류,원피스)원피스맥스봉3입,3000
e188,식품,안주류,팜스코)매콤미니족껍데기,8900
e189,식품,안주류,썬푸드)오잉츄40g,5000
e190,식품,안주류,HEYROO맛밤득템,2500
e191,식품,안주류,팔도한끼)어묵탕직화닭발,9900
e192,식품,안주류,팔도한끼)고구마김피탕,7900
e193,식품,안주류,펍아트)단짠큐브족발,4900
e194,식품,안주류,펍아트)매콤큐브족발,4900
e195,식품,안주류,롯데)의성매콤땡초바65g,2400
e196,식품,안주류,샘표)대구껍질사워크림30g,4800
e197,식품,안주류,샘표)대구껍질와사비30g,4800
e198,식품,안주류,펍아트)한입가득부대범벅,4900
e199,식품,안주류,펍아트)한입가득순대범벅,4900
e200,식품,안주류,진주햄)더블링콰트로25g,1300
e201,식품,안주류,바프)피쉬스낵딥치즈35g,4500
e202,식품,안주류,바프)피쉬스낵와사비마요,4500
e203,식품,안주류,바프)피쉬스낵구운양파35g,4500
e204,식품,안주류,푸르샨)매콤고추장삼겹살,8500
e205,식품,안주류,롯데)의성자이언트콘치즈,3300
e206,식품,안주류,삼립)닭가슴살바페퍼80g,2900
e207,식품,안주류,삼립)육즙부어스트275g*2,9900
e208,식품,안주류,선해)피쉬팝허니버터35g,3600
e209,식품,안주류,선해)피쉬팝오리지널35g,3600
e210,식품,안주류,경진)꾸이맨매콤30g,2500
e211,식품,안주류,더본)마늘겨자훈제삼겹,7900
e212,식품,안주류,한성)몬스터후랑크페퍼,2500
e213,식품,안주류,팔도한끼)어묵탕순대볶음,7900
e214,식품,안주류,삼립)안달루즈부어스트70g,2500
e215,식품,안주류,BHC)뿌링란2입,2400
e216,식품,안주류,팔도한끼)어묵탕제육볶음,7900
e217,식품,안주류,대상)안주야치즈촘촘육포,3900
e218,식품,안주류,미션)구운코코넛칩50g,2200
e219,식품,안주류,미션)구운코코넛칩초코50g,2200
e220,식품,안주류,팜덕)돼지코모양불족발,9900
e221,식품,안주류,만전)김스깡매운불맛50g,2700
e222,식품,안주류,CJ)맥스봉오리지널70g,2600
e223,식품,안주류,삼립)오리진부어스트70g,2500
e224,식품,안주류,사조)치즈인더감자후랑크,2200
e225,식품,안주류,팔도한끼)대구직화오돌뼈,6900
e226,식품,안주류,HEYROO닭가슴살득템,1900
e227,식품,안주류,조인)탱글란1구,1200
e228,식품,안주류,제니코)살라미스틱28g,2400
e229,식품,안주류,아라움)후라이드김트러플,4900
e230,식품,안주류,아라움)후라이드김참깨35g,4900
e231,식품,안주류,아라움)후라이드김35g,4900
e232,식품,안주류,대표)오징어튀김와사비270,19800
e233,식품,안주류,대표)오징어튀김270g,19800
e234,식품,안주류,머거본)꾸이포대1kg,24500
e235,식품,안주류,HEYROO핫바득템마늘간장,2500
e236,식품,안주류,CJ)비비고칩포테이토40g,3900
e237,식품,안주류,풀무원)단백바촉촉계란바,3300
e238,식품,안주류,해드림)신림동백순대볶음,6900
e239,식품,안주류,영찬)한입에치즈쏙육포35g,4000
e240,식품,안주류,영찬)먹기좋은통육포35g,4200
f1,음료,유제품,올리)눈오리얼음,1600
f2,음료,유제품,바이오)꿀레몬생강230ml,1500
f3,음료,유제품,바이오)꿀유자230ml,1500
f4,음료,유제품,연세)넛유7넛츠190ml,2200
f5,음료,유제품,연세)넛유아몬드190ml,2200
f6,음료,유제품,헤지스)아이코닉워터오렌,2500
f7,음료,유제품,헤지스)아이코닉워터핑크,2500
f8,음료,유제품,헤지스)아이코닉워터블루,2500
f9,음료,유제품,영찬)6년근홍삼진액팩95ml,1500
f10,음료,유제품,헤지스)트위드카페라떼,2500
f11,음료,유제품,헤지스)트위드아메리카노,2500
f12,음료,유제품,짱구)액션가면프로틴바나,3000
f13,음료,유제품,풀무원)브리지톡토닉P350,2000
f14,음료,유제품,풀무원)브리지톡진저P350,2000
f15,음료,유제품,빙그레)오프룻복숭아컵,2400
f16,음료,유제품,빙그레)오프룻딸기컵,2400
f17,음료,유제품,동원)쿨피스파인450ml,1000
f18,음료,유제품,동원)소화잘되는우유900ml,3280
f19,음료,유제품,롯데)더진한레드125ml,1500
f20,음료,유제품,요즘)그릭요구르트맛,4500
f21,음료,유제품,요즘)그릭플레인,4200
f22,음료,유제품,HEYROO납작복숭아꿀물280,1800
f23,음료,유제품,HEYROO아카시아꿀물병280,1800
f24,음료,유제품,빙그레)고구마맛우유240ml,1800
f25,음료,유제품,롯데)클라우드논알콜캔355,2000
f26,음료,유제품,남양)플로라랩130ml,2500
f27,음료,유제품,올라)스포츠프로틴오리지,2900
f28,음료,유제품,동화)배러라이트120g,3500
f29,음료,유제품,동화)배러화이트120g,3500
f30,음료,유제품,스벅)바닐라라떼320ml,3000
f31,음료,유제품,스벅)바닐라라떼컵200ml,2100
f32,음료,유제품,웅진)티즐애플시나몬P280,1750
f33,음료,유제품,동아)나랑드콤부차캔245ml,1600
f34,음료,유제품,남양)초코에몽프로틴190ml,1400
f35,음료,유제품,롯데)와일드바디라떼230ml,1800
f36,음료,유제품,롯데)초코퍼지라떼230ml,1800
f37,음료,유제품,롯데)허니레몬배P280ml,1900
f38,음료,유제품,웅진)하늘보리캔340ml,1500
f39,음료,유제품,서울)마이픽플레인쿠키링,2200
f40,음료,유제품,남양)테이크핏호박고구마,2900
f41,음료,음료,올리)눈오리얼음,1600
f42,음료,음료,헤지스)아이코닉워터오렌,2500
f43,음료,음료,헤지스)아이코닉워터핑크,2500
f44,음료,음료,헤지스)아이코닉워터블루,2500
f45,음료,음료,영찬)6년근홍삼진액팩95ml,1500
f46,음료,음료,헤지스)트위드카페라떼,2500
f47,음료,음료,헤지스)트위드아메리카노,2500
f48,음료,음료,풀무원)브리지톡토닉P350,2000
f49,음료,음료,풀무원)브리지톡진저P350,2000
f50,음료,음료,빙그레)오프룻복숭아컵,2400
f51,음료,음료,빙그레)오프룻딸기컵,2400
f52,음료,음료,동원)쿨피스파인450ml,1000
f53,음료,음료,롯데)더진한레드125ml,1500
f54,음료,음료,HEYROO납작복숭아꿀물280,1800
f55,음료,음료,HEYROO아카시아꿀물병280,1800
f56,음료,음료,롯데)클라우드논알콜캔355,2000
f57,음료,음료,동화)배러라이트120g,3500
f58,음료,음료,동화)배러화이트120g,3500
f59,음료,음료,스벅)바닐라라떼320ml,3000
f60,음료,음료,스벅)바닐라라떼컵200ml,2100
f61,음료,음료,웅진)티즐애플시나몬P280,1750
f62,음료,음료,동아)나랑드콤부차캔245ml,1600
f63,음료,음료,롯데)허니레몬배P280ml,1900
f64,음료,음료,웅진)하늘보리캔340ml,1500
f65,음료,음료,CJ)토비콤아이타민캔250ml,1500
f66,음료,음료,짱구)짱달달커피900ml,3000
f67,음료,음료,청정)몽베스트P500ml,1100
f68,음료,음료,하이트)진로토닉피치300ml,1600
f69,음료,음료,OKF)실키멜론소다P500ml,2200
f70,음료,음료,할리스)카페라떼300ml,2900
f71,음료,음료,할리스)바닐라딜라이트,2900
f72,음료,음료,짱구)짱달달커피280ml,1600
f73,음료,음료,동아)나랑드콤부차P400ml,2500
f74,음료,음료,매일)셀렉스콜라겐5000,2500
f75,음료,음료,오비)호가든로제논알콜330,2000
f76,음료,음료,BR)피치요거트워터P500,2500
f77,음료,음료,BR)레인보우샤베트워터500,2500
f78,음료,음료,CJ)한뿌리아르기닌병100ml,5000
f79,음료,음료,마스터)헤이즐넛블랙500ml,2600
f80,음료,음료,서영)모닝이즈백병100ml,5000
f81,음료,음료,매일)썬업사과750ml,4900
f82,음료,음료,동원)복숭아제로아이스900,3600
f83,음료,음료,스벅)셀렉트바닐라라떼300,2800
f84,음료,음료,스벅)셀렉트카페라떼300ml,2800
f85,음료,음료,롯데)핫식스더킹피치캔355,2200
f86,음료,음료,셀시어스)피치바이브캔325,2800
f87,음료,음료,풀무원)스위트샤인머스켓,1500
f88,음료,음료,풀무원)스위트플럼주스,1500
f89,음료,음료,롯데)더시원아이시스2L6입,3600
f90,음료,음료,티오피)스모키라떼캔200ml,1200
f91,음료,음료,모구)머스켓젤리P320ml,1700
f92,음료,음료,올리)곰돌이얼음,1500
f93,음료,음료,동원)얼라이브망고P500ml,2500
f94,음료,음료,동원)얼라이브자몽P500ml,2500
f95,음료,음료,닥터유)단백질바나나팩250,2900
f96,음료,음료,비어)칭따오논알콜레몬330,2200
f97,음료,음료,셀시어스)라즈베리캔325ml,2800
f98,음료,음료,팔도)코코뿌요망고P280ml,1700
f99,음료,음료,팔도)코코뿌요복숭아P280,1700
f100,음료,음료,코카)코카제로레몬P500ml,2300
f101,음료,음료,코카)코카콜라제로제로250,1700
f102,음료,음료,롯데)핫식스제로캔250ml,1500
f103,음료,음료,동원)쿨피스톡제로파인350,2000
f104,음료,음료,동원)쿨피스톡제로피치350,2000
f105,음료,음료,던킨)배제로탄산캔350,1900
f106,음료,음료,던킨)자두제로탄산캔350,1900
f107,음료,음료,HEYROO그린머스켓제로P350,1300
f108,음료,음료,빙그레)앵무새바닐라라떼,2700
f109,음료,음료,빙그레)앵무새크림라떼,2700
f110,음료,음료,롯데)칠성사이다블루P500,2200
f111,음료,음료,영찬)파이어진에너지캔250,1500
f112,음료,음료,랩노쉬)프로틴딸기P350,3200
f113,음료,음료,HEYROO핑크피치제로P350,1300
f114,음료,음료,HEYROO블루레몬제로P350,1300
f115,음료,음료,농심)오이오차녹차P500,2200
f116,음료,음료,이마트)비상대책드링크100,4000
f117,음료,음료,엠즈)폴바셋스윗라떼330ml,3400
f118,음료,음료,동화)비타천플러스병120ml,1200
f119,음료,음료,웅진)빅토리아파인P500ml,1800
f120,음료,음료,웅진)빅토리아청포P500ml,1800
f121,음료,아이스드링크,바이오)꿀레몬생강230ml,1500
f122,음료,아이스드링크,바이오)꿀유자230ml,1500
f123,음료,아이스드링크,롯데)와일드바디라떼230ml,1800
f124,음료,아이스드링크,롯데)초코퍼지라떼230ml,1800
f125,음료,아이스드링크,동원)비비드제로자몽에이,1300
f126,음료,아이스드링크,동원)비비드제로샤인머스,1300
f127,음료,아이스드링크,동원)비비드저당초코라떼,1800
f128,음료,아이스드링크,동원)비비드저당바닐라떼,1800
f129,음료,아이스드링크,우양)쿠로미베리에이드,1700
f130,음료,아이스드링크,우양)폼폼푸린망고에이드,1700
f131,음료,아이스드링크,우양)시나모롤배에이드,1700
f132,음료,아이스드링크,엠즈)폴바셋스윗밀크티,2800
f133,음료,아이스드링크,엠즈)폴바셋바닐라라떼,2800
f134,음료,아이스드링크,동서)벚꽃캔디에이드230ml,1000
f135,음료,아이스드링크,23del)퍼플자두블랜디340,1300
f136,음료,아이스드링크,23del)레드자몽에이드340,1300
f137,음료,아이스드링크,23del)꿀배에이드340ml,1300
f138,음료,아이스드링크,23del)매실사과에이드340,1300
f139,음료,아이스드링크,23del)스테비아믹스커피,1200
f140,음료,아이스드링크,23del)라즈베리그린티340,1300
f141,음료,아이스드링크,23del)과테말라안티구아,1400
f142,음료,아이스드링크,23del)돌체라떼230ml,1500
f143,음료,아이스드링크,23del)카페라떼230ml,1500
f144,음료,아이스드링크,23del)캐러멜라떼230ml,1500
f145,음료,아이스드링크,23del)바닐라라떼230ml,1500
f146,음료,아이스드링크,롯데)칸타타블랙아메320ml,1700
f147,음료,아이스드링크,롯데)칸타타스윗아메320ml,1700
f148,음료,아이스드링크,23del)블랙아메리카노1L,3600
f149,음료,아이스드링크,23del)디카페인500ml,1900
f150,음료,아이스드링크,23del)제로자몽허니블500,1900
f151,음료,아이스드링크,23del)제로복숭아아이스1L,3600
f152,음료,아이스드링크,23del)헤이즐넛아메리카1L,3600
f153,음료,아이스드링크,23del)스위트아메리카노1L,3600
f154,음료,아이스드링크,23del)블랙아메리카노500,1900
f155,음료,아이스드링크,23del)제로헤이즐넛500ml,1900
f156,음료,아이스드링크,23del)제로핑크레몬500ml,1900
f157,음료,아이스드링크,23del)제로피치얼그레500,1900
f158,음료,아이스드링크,23del)스윗아메리카노500,1900
f159,음료,아이스드링크,del)봉지얼음180g,700
f160,음료,아이스드링크,del)빅봉지얼음230g,900
f161,음료,아이스드링크,23del)디카페인340ml,1400
f162,음료,아이스드링크,23del)더블샷스위트340ml,1400
f163,음료,아이스드링크,23del)블루레몬에이드340,1200
f164,음료,아이스드링크,23del)청포도에이드340ml,1200
f165,음료,아이스드링크,23del)복숭아아이스티340,1200
f166,음료,아이스드링크,23del)콜롬비아싱글오리진,1400
f167,음료,아이스드링크,23del)콜드브루340ml,1400
f168,음료,아이스드링크,23del)스윗아메리카노340,1200
f169,음료,아이스드링크,23del)헤이즐넛향340ml,1200
f170,음료,아이스드링크,23del)블랙아메리카노340,1200
f171,음료,아이스드링크,쟈뎅)시그니헤이즐넛320ml,1400
f172,음료,아이스드링크,쟈뎅)시그니처스위트320ml,1400
f173,음료,아이스드링크,롯데)스크류바에이드230ml,1400
f174,음료,아이스드링크,롯데)수박바에이드230ml,1400
f175,음료,아이스드링크,광동)비타500에이드230ml,1200
f176,음료,아이스드링크,남양)초코에몽에이드230ml,1200
f177,음료,아이스드링크,코카)조지아스윗아메230ml,1200
f178,음료,아이스드링크,롯데)칸타타바닐라아메230,1400
f179,음료,아이스드링크,롯데)칸타타카라멜마끼230,1400
f180,음료,아이스드링크,delaffe청포도아이스,1200
f181,음료,아이스드링크,조지아)블랙아이스230ml,1200
f182,음료,아이스드링크,del)벤티컵얼음400g,1300
f183,음료,아이스드링크,del)빅볼컵얼음160g,1300
f184,음료,아이스드링크,롯데)칸타타블랙아메리230,1400
f185,음료,아이스드링크,롯데)칸타타헤이즐넛230ml,1400
f186,음료,아이스드링크,롯데)칸타타스윗아메리230,1400
f187,음료,아이스드링크,del)빅컵얼음230g,900
f188,음료,아이스드링크,del)컵얼음180g,700
f189,음료,아이스드링크,칸타타)헤이즐넛냉원팩,1100
